card_name,mana_cost,set_name,rarity,price_h,price_m,price_l,scrape_date
Adverse Conditions,3U,Battle for Zendikar,U,$1.32,$0.19,$0.01,2017-07-08 00:05:14.858150
Akoum Firebird,2RR,Battle for Zendikar,M,$4.99,$0.55,$0.10,2017-07-08 00:05:14.858150
Akoum Hellkite,4RR,Battle for Zendikar,R,$1.60,$0.29,$0.09,2017-07-08 00:05:14.858150
Akoum Stonewaker,1R,Battle for Zendikar,U,$1.19,$0.19,$0.01,2017-07-08 00:05:14.858150
Aligned Hedron Network,4,Battle for Zendikar,R,$1.60,$0.33,$0.09,2017-07-08 00:05:14.858150
Ally Encampment,,Battle for Zendikar,R,$3.00,$0.46,$0.09,2017-07-08 00:05:14.858150
Altar's Reap,1B,Battle for Zendikar,C,$1.14,$0.14,$0.03,2017-07-08 00:05:14.858150
Angel of Renewal,5W,Battle for Zendikar,U,$1.19,$0.20,$0.01,2017-07-08 00:05:14.858150
Angelic Captain,3RW,Battle for Zendikar,R,$1.35,$0.31,$0.08,2017-07-08 00:05:14.858150
Angelic Gift,1W,Battle for Zendikar,C,$1.14,$0.14,$0.02,2017-07-08 00:05:14.858150
Anticipate,1U,Battle for Zendikar,C,$1.13,$0.16,$0.05,2017-07-08 00:05:14.858150
Bane of Bala Ged,7,Battle for Zendikar,U,$1.17,$0.20,$0.05,2017-07-08 00:05:14.858150
Barrage Tyrant,4R,Battle for Zendikar,R,$1.50,$0.29,$0.07,2017-07-08 00:05:14.858150
Beastcaller Savant,1G,Battle for Zendikar,R,$3.49,$0.37,$0.10,2017-07-08 00:05:14.858150
Belligerent Whiptail,3R,Battle for Zendikar,C,$1.14,$0.14,$0.01,2017-07-08 00:05:14.858150
Benthic Infiltrator,2U,Battle for Zendikar,C,$1.14,$0.14,$0.02,2017-07-08 00:05:14.858150
Blight Herder,5,Battle for Zendikar,R,$1.41,$0.36,$0.07,2017-07-08 00:05:14.858150
Blighted Cataract,,Battle for Zendikar,U,$1.34,$0.23,$0.02,2017-07-08 00:05:14.858150
Blighted Fen,,Battle for Zendikar,U,$1.20,$0.20,$0.03,2017-07-08 00:05:14.858150
Blighted Gorge,,Battle for Zendikar,U,$1.20,$0.20,$0.01,2017-07-08 00:05:14.858150
Blighted Steppe,,Battle for Zendikar,U,$1.20,$0.19,$0.01,2017-07-08 00:05:14.858150
Blighted Woodland,,Battle for Zendikar,U,$1.30,$0.25,$0.10,2017-07-08 00:05:14.858150
Blisterpod,G,Battle for Zendikar,C,$1.12,$0.14,$0.04,2017-07-08 00:05:14.858150
Bloodbond Vampire,2BB,Battle for Zendikar,U,$1.18,$0.20,$0.01,2017-07-08 00:05:14.858150
Boiling Earth,1R,Battle for Zendikar,C,$1.14,$0.14,$0.01,2017-07-08 00:05:14.858150
Bone Splinters,B,Battle for Zendikar,C,$1.13,$0.14,$0.01,2017-07-08 00:05:14.858150
Breaker of Armies,8,Battle for Zendikar,U,$1.20,$0.21,$0.05,2017-07-08 00:05:14.858150
Brilliant Spectrum,3U,Battle for Zendikar,C,$1.14,$0.14,$0.01,2017-07-08 00:05:14.858150
Bring to Light,3GU,Battle for Zendikar,R,$5.49,$0.48,$0.09,2017-07-08 00:05:14.858150
Brood Butcher,3BG,Battle for Zendikar,R,$1.50,$0.30,$0.09,2017-07-08 00:05:14.858150
Brood Monitor,4GG,Battle for Zendikar,U,$1.18,$0.20,$0.01,2017-07-08 00:05:14.858150
Broodhunter Wurm,3G,Battle for Zendikar,C,$1.14,$0.14,$0.01,2017-07-08 00:05:14.858150
Brutal Expulsion,2UR,Battle for Zendikar,R,$2.49,$0.33,$0.09,2017-07-08 00:05:14.858150
Call the Scions,2G,Battle for Zendikar,C,$1.14,$0.14,$0.01,2017-07-08 00:05:14.858150
Canopy Vista,,Battle for Zendikar,R,$9.99,$1.79,$0.95,2017-07-08 00:05:14.858150
Carrier Thrall,1B,Battle for Zendikar,U,$1.21,$0.21,$0.04,2017-07-08 00:05:14.858150
Catacomb Sifter,1BG,Battle for Zendikar,U,$1.35,$0.21,$0.01,2017-07-08 00:05:14.858150
Chasm Guide,3R,Battle for Zendikar,U,$1.17,$0.19,$0.01,2017-07-08 00:05:14.858150
Cinder Glade,,Battle for Zendikar,R,$7.99,$2.70,$1.00,2017-07-08 00:05:14.858150
Cliffside Lookout,1,Battle for Zendikar,C,$1.14,$0.14,$0.01,2017-07-08 00:05:14.858150
Cloud Manta,3U,Battle for Zendikar,C,$1.14,$0.14,$0.01,2017-07-08 00:05:14.858150
Clutch of Currents,U,Battle for Zendikar,C,$1.13,$0.14,$0.04,2017-07-08 00:05:14.858150
Coastal Discovery,3U,Battle for Zendikar,U,$1.19,$0.20,$0.01,2017-07-08 00:05:14.858150
Complete Disregard,2B,Battle for Zendikar,C,$1.13,$0.14,$0.01,2017-07-08 00:05:14.858150
Conduit of Ruin,6,Battle for Zendikar,R,$2.99,$0.63,$0.24,2017-07-08 00:05:14.858150
Coralhelm Guide,1U,Battle for Zendikar,C,$1.14,$0.14,$0.01,2017-07-08 00:05:14.858150
Courier Griffin,3W,Battle for Zendikar,C,$1.14,$0.14,$0.01,2017-07-08 00:05:14.858150
Crumble to Dust,3R,Battle for Zendikar,U,$1.70,$0.29,$0.05,2017-07-08 00:05:14.858150
Cryptic Cruiser,3U,Battle for Zendikar,U,$1.21,$0.20,$0.01,2017-07-08 00:05:14.858150
Culling Drone,1B,Battle for Zendikar,C,$1.14,$0.14,$0.02,2017-07-08 00:05:14.858150
Dampening Pulse,3U,Battle for Zendikar,U,$1.19,$0.20,$0.01,2017-07-08 00:05:14.858150
Deathless Behemoth,6,Battle for Zendikar,U,$1.19,$0.20,$0.01,2017-07-08 00:05:14.858150
Defiant Bloodlord,5BB,Battle for Zendikar,R,$1.33,$0.31,$0.08,2017-07-08 00:05:14.858150
Demon's Grasp,4B,Battle for Zendikar,C,$1.14,$0.14,$0.01,2017-07-08 00:05:14.858150
Desolation Twin,10,Battle for Zendikar,R,$1.56,$0.48,$0.10,2017-07-08 00:05:14.858150
Dispel,U,Battle for Zendikar,C,$1.16,$0.20,$0.06,2017-07-08 00:05:14.858150
Dominator Drone,2B,Battle for Zendikar,C,$1.14,$0.15,$0.01,2017-07-08 00:05:14.858150
Dragon Token,,Battle for Zendikar,T,$1.95,$0.23,$0.10,2017-07-08 00:05:14.858150
Dragonmaster Outcast,R,Battle for Zendikar,M,$6.00,$3.50,$1.92,2017-07-08 00:05:14.858150
Drana's Emissary,1WB,Battle for Zendikar,U,$1.41,$0.44,$0.20,2017-07-08 00:05:14.858150
"Drana, Liberator of Malakir",1BB,Battle for Zendikar,M,$15.00,$4.31,$2.25,2017-07-08 00:05:14.858150
Drowner of Hope,5U,Battle for Zendikar,R,$2.00,$0.44,$0.13,2017-07-08 00:05:14.858150
Dust Stalker,2BR,Battle for Zendikar,R,$1.70,$0.33,$0.05,2017-07-08 00:05:14.858150
Dutiful Return,3B,Battle for Zendikar,C,$1.14,$0.14,$0.01,2017-07-08 00:05:14.858150
Earthen Arms,1G,Battle for Zendikar,C,$1.14,$0.14,$0.01,2017-07-08 00:05:14.858150
Eldrazi Devastator,8,Battle for Zendikar,C,$1.14,$0.15,$0.02,2017-07-08 00:05:14.858150
Eldrazi Scion Token (Izzy),0,Battle for Zendikar,T,$1.00,$0.15,$0.02,2017-07-08 00:05:14.858150
Eldrazi Scion Token (Nelson),0,Battle for Zendikar,T,$1.00,$0.16,$0.02,2017-07-08 00:05:14.858150
Eldrazi Scion Token (Velinov),0,Battle for Zendikar,T,$1.00,$0.15,$0.02,2017-07-08 00:05:14.858150
Eldrazi Skyspawner,2U,Battle for Zendikar,C,$2.22,$0.16,$0.04,2017-07-08 00:05:14.858150
Eldrazi Token,0,Battle for Zendikar,T,$1.04,$0.31,$0.09,2017-07-08 00:05:14.858150
Elemental Token (3/1),0,Battle for Zendikar,T,$1.00,$0.19,$0.01,2017-07-08 00:05:14.858150
Elemental Token (5/5),0,Battle for Zendikar,T,$1.49,$0.61,$0.29,2017-07-08 00:05:14.858150
"Emblem - Gideon, Ally of Zendikar",,Battle for Zendikar,T,$1.99,$0.34,$0.05,2017-07-08 00:05:14.858150
"Emblem - Kiora, Master of the Depths",,Battle for Zendikar,T,$1.29,$0.28,$0.03,2017-07-08 00:05:14.858150
Emblem - Ob Nixilis Reignited,,Battle for Zendikar,T,$2.00,$0.25,$0.03,2017-07-08 00:05:14.858150
Emeria Shepherd,5WW,Battle for Zendikar,R,$1.60,$0.30,$0.09,2017-07-08 00:05:14.858150
Encircling Fissure,2W,Battle for Zendikar,U,$1.33,$0.20,$0.01,2017-07-08 00:05:14.858150
Endless One,X,Battle for Zendikar,R,$3.30,$0.81,$0.25,2017-07-08 00:05:14.858150
Evolving Wilds,,Battle for Zendikar,C,$1.15,$0.15,$0.01,2017-07-08 00:05:14.858150
Exert Influence,4U,Battle for Zendikar,R,$1.35,$0.31,$0.07,2017-07-08 00:05:14.858150
Expedition Envoy,W,Battle for Zendikar,U,$1.70,$0.33,$0.01,2017-07-08 00:05:14.858150
Eyeless Watcher,3G,Battle for Zendikar,C,$1.14,$0.15,$0.02,2017-07-08 00:05:14.858150
Fathom Feeder,UB,Battle for Zendikar,R,$4.99,$0.35,$0.08,2017-07-08 00:05:14.858150
Felidar Cub,1W,Battle for Zendikar,C,$1.13,$0.14,$0.02,2017-07-08 00:05:14.858150
Felidar Sovereign,4WW,Battle for Zendikar,R,$5.00,$0.54,$0.10,2017-07-08 00:05:14.858150
Fertile Thicket,,Battle for Zendikar,C,$1.14,$0.14,$0.01,2017-07-08 00:05:14.858150
Firemantle Mage,2R,Battle for Zendikar,U,$1.19,$0.20,$0.05,2017-07-08 00:05:14.858150
Forerunner of Slaughter,RB,Battle for Zendikar,U,$1.20,$0.21,$0.05,2017-07-08 00:05:14.858150
Forest (270 Full Art),,Battle for Zendikar,L,$2.27,$0.27,$0.10,2017-07-08 00:05:14.858150
Forest (270),,Battle for Zendikar,L,$0.99,$0.25,$0.16,2017-07-08 00:05:14.858150
Forest (271 Full Art),,Battle for Zendikar,L,$2.27,$0.26,$0.10,2017-07-08 00:05:14.858150
Forest (271),,Battle for Zendikar,L,$1.99,$0.16,$0.07,2017-07-08 00:05:14.858150
Forest (272 Full Art),,Battle for Zendikar,L,$2.27,$0.26,$0.10,2017-07-08 00:05:14.858150
Forest (272),,Battle for Zendikar,L,$1.99,$0.15,$0.07,2017-07-08 00:05:14.858150
Forest (273 Full Art),,Battle for Zendikar,L,$2.27,$0.25,$0.05,2017-07-08 00:05:14.858150
Forest (273),,Battle for Zendikar,L,$1.99,$0.20,$0.09,2017-07-08 00:05:14.858150
Forest (274 Full Art),,Battle for Zendikar,L,$2.27,$0.27,$0.05,2017-07-08 00:05:14.858150
Forest (274),,Battle for Zendikar,L,$1.99,$0.23,$0.10,2017-07-08 00:05:14.858150
Fortified Rampart,1W,Battle for Zendikar,C,$1.14,$0.14,$0.01,2017-07-08 00:05:14.858150
From Beyond,3G,Battle for Zendikar,R,$1.99,$0.57,$0.10,2017-07-08 00:05:14.858150
Geyserfield Stalker,4B,Battle for Zendikar,C,$1.14,$0.14,$0.01,2017-07-08 00:05:14.858150
Ghostly Sentinel,4W,Battle for Zendikar,C,$1.14,$0.14,$0.01,2017-07-08 00:05:14.858150
Giant Mantis,3G,Battle for Zendikar,C,$1.14,$0.14,$0.01,2017-07-08 00:05:14.858150
Gideon's Reproach,1W,Battle for Zendikar,C,$1.14,$0.14,$0.01,2017-07-08 00:05:14.858150
"Gideon, Ally of Zendikar",2WW,Battle for Zendikar,M,$40.00,$15.92,$7.99,2017-07-08 00:05:14.858150
Goblin War Paint,1R,Battle for Zendikar,C,$1.14,$0.14,$0.01,2017-07-08 00:05:14.858150
Grave Birthing,2B,Battle for Zendikar,C,$1.13,$0.14,$0.01,2017-07-08 00:05:14.858150
Greenwarden of Murasa,4GG,Battle for Zendikar,M,$10.00,$1.00,$0.50,2017-07-08 00:05:14.858150
Grip of Desolation,4BB,Battle for Zendikar,U,$1.21,$0.20,$0.01,2017-07-08 00:05:14.858150
Grove Rumbler,2RG,Battle for Zendikar,U,$1.19,$0.20,$0.01,2017-07-08 00:05:14.858150
Grovetender Druids,2GW,Battle for Zendikar,U,$1.21,$0.21,$0.01,2017-07-08 00:05:14.858150
Gruesome Slaughter,6,Battle for Zendikar,R,$1.40,$0.32,$0.08,2017-07-08 00:05:14.858150
Guardian of Tazeem,3UU,Battle for Zendikar,R,$1.33,$0.31,$0.08,2017-07-08 00:05:14.858150
Guul Draz Overseer,4BB,Battle for Zendikar,R,$1.31,$0.29,$0.07,2017-07-08 00:05:14.858150
Hagra Sharpshooter,2B,Battle for Zendikar,U,$1.21,$0.20,$0.01,2017-07-08 00:05:14.858150
Halimar Tidecaller,2U,Battle for Zendikar,U,$1.33,$0.20,$0.01,2017-07-08 00:05:14.858150
Hedron Archive,4,Battle for Zendikar,U,$3.99,$0.98,$0.24,2017-07-08 00:05:14.858150
Hedron Blade,1,Battle for Zendikar,C,$1.14,$0.14,$0.01,2017-07-08 00:05:14.858150
Herald of Kozilek,1UR,Battle for Zendikar,U,$1.36,$0.24,$0.01,2017-07-08 00:05:14.858150
Hero of Goma Fada,4W,Battle for Zendikar,R,$1.35,$0.30,$0.08,2017-07-08 00:05:14.858150
Horribly Awry,1U,Battle for Zendikar,U,$1.30,$0.24,$0.05,2017-07-08 00:05:14.858150
Incubator Drone,3U,Battle for Zendikar,C,$1.14,$0.14,$0.01,2017-07-08 00:05:14.858150
Infuse with the Elements,3G,Battle for Zendikar,U,$1.40,$0.20,$0.01,2017-07-08 00:05:14.858150
Inspired Charge,2WW,Battle for Zendikar,C,$1.14,$0.14,$0.01,2017-07-08 00:05:14.858150
Island (255 Full Art),,Battle for Zendikar,L,$2.00,$0.32,$0.20,2017-07-08 00:05:14.858150
Island (255),,Battle for Zendikar,L,$1.99,$0.21,$0.11,2017-07-08 00:05:14.858150
Island (256 Full Art),,Battle for Zendikar,L,$2.00,$0.25,$0.14,2017-07-08 00:05:14.858150
Island (256),,Battle for Zendikar,L,$1.99,$0.20,$0.10,2017-07-08 00:05:14.858150
Island (257 Full Art),,Battle for Zendikar,L,$2.00,$0.25,$0.08,2017-07-08 00:05:14.858150
Island (257),,Battle for Zendikar,L,$1.99,$0.23,$0.08,2017-07-08 00:05:14.858150
Island (258 Full Art),,Battle for Zendikar,L,$2.00,$0.25,$0.10,2017-07-08 00:05:14.858150
Island (258),,Battle for Zendikar,L,$1.99,$0.24,$0.07,2017-07-08 00:05:14.858150
Island (259 Full Art),,Battle for Zendikar,L,$2.27,$0.28,$0.18,2017-07-08 00:05:14.858150
Island (259),,Battle for Zendikar,L,$2.27,$0.24,$0.13,2017-07-08 00:05:14.858150
Jaddi Offshoot,G,Battle for Zendikar,U,$1.18,$0.19,$0.02,2017-07-08 00:05:14.858150
Kalastria Healer,1B,Battle for Zendikar,C,$1.14,$0.15,$0.05,2017-07-08 00:05:14.858150
Kalastria Nightwatch,4B,Battle for Zendikar,C,$1.14,$0.14,$0.01,2017-07-08 00:05:14.858150
"Kiora, Master of the Depths",2GU,Battle for Zendikar,M,$10.00,$2.45,$0.98,2017-07-08 00:05:14.858150
Kitesail Scout,W,Battle for Zendikar,C,$1.14,$0.14,$0.01,2017-07-08 00:05:14.858150
Knight Ally Token,0,Battle for Zendikar,T,$1.00,$0.17,$0.04,2017-07-08 00:05:14.858150
Kor Ally Token,0,Battle for Zendikar,T,$0.95,$0.16,$0.02,2017-07-08 00:05:14.858150
Kor Bladewhirl,1W,Battle for Zendikar,U,$1.19,$0.21,$0.05,2017-07-08 00:05:14.858150
Kor Castigator,1W,Battle for Zendikar,C,$1.14,$0.14,$0.01,2017-07-08 00:05:14.858150
Kor Entanglers,4W,Battle for Zendikar,U,$1.21,$0.20,$0.01,2017-07-08 00:05:14.858150
Kozilek's Channeler,5,Battle for Zendikar,C,$1.15,$0.15,$0.03,2017-07-08 00:05:14.858150
Kozilek's Sentinel,1R,Battle for Zendikar,C,$1.14,$0.14,$0.01,2017-07-08 00:05:14.858150
Lantern Scout,2W,Battle for Zendikar,R,$1.99,$0.35,$0.08,2017-07-08 00:05:14.858150
Lavastep Raider,R,Battle for Zendikar,C,$1.14,$0.14,$0.01,2017-07-08 00:05:14.858150
Lifespring Druid,2G,Battle for Zendikar,C,$1.14,$0.14,$0.01,2017-07-08 00:05:14.858150
Lithomancer's Focus,W,Battle for Zendikar,C,$1.13,$0.14,$0.01,2017-07-08 00:05:14.858150
Looming Spires,,Battle for Zendikar,C,$1.14,$0.14,$0.02,2017-07-08 00:05:14.858150
Lumbering Falls,0,Battle for Zendikar,R,$8.00,$1.22,$0.49,2017-07-08 00:05:14.858150
Makindi Patrol,2W,Battle for Zendikar,C,$1.14,$0.14,$0.01,2017-07-08 00:05:14.858150
Makindi Sliderunner,1R,Battle for Zendikar,C,$12.00,$0.14,$0.01,2017-07-08 00:05:14.858150
Malakir Familiar,2B,Battle for Zendikar,U,$1.21,$0.20,$0.03,2017-07-08 00:05:14.858150
March from the Tomb,3WB,Battle for Zendikar,R,$1.70,$0.28,$0.07,2017-07-08 00:05:14.858150
Mind Raker,3B,Battle for Zendikar,C,$1.14,$0.14,$0.01,2017-07-08 00:05:14.858150
Mire's Malice,3B,Battle for Zendikar,C,$1.15,$0.15,$0.01,2017-07-08 00:05:14.858150
Mist Intruder,1U,Battle for Zendikar,C,$1.14,$0.14,$0.01,2017-07-08 00:05:14.858150
Molten Nursery,2R,Battle for Zendikar,U,$1.19,$0.20,$0.04,2017-07-08 00:05:14.858150
Mortuary Mire,,Battle for Zendikar,C,$1.13,$0.15,$0.05,2017-07-08 00:05:14.858150
Mountain (265 Full Art),,Battle for Zendikar,L,$2.27,$0.29,$0.10,2017-07-08 00:05:14.858150
Mountain (265),,Battle for Zendikar,L,$1.99,$0.21,$0.10,2017-07-08 00:05:14.858150
Mountain (266 Full Art),,Battle for Zendikar,L,$2.00,$0.25,$0.05,2017-07-08 00:05:14.858150
Mountain (266),,Battle for Zendikar,L,$1.99,$0.23,$0.13,2017-07-08 00:05:14.858150
Mountain (267 Full Art),,Battle for Zendikar,L,$2.33,$0.33,$0.20,2017-07-08 00:05:14.858150
Mountain (267),,Battle for Zendikar,L,$2.27,$0.22,$0.11,2017-07-08 00:05:14.858150
Mountain (268 Full Art),,Battle for Zendikar,L,$2.27,$0.25,$0.05,2017-07-08 00:05:14.858150
Mountain (268),,Battle for Zendikar,L,$2.27,$0.20,$0.07,2017-07-08 00:05:14.858150
Mountain (269 Full Art),,Battle for Zendikar,L,$2.27,$0.26,$0.05,2017-07-08 00:05:14.858150
Mountain (269),,Battle for Zendikar,L,$2.27,$0.20,$0.08,2017-07-08 00:05:14.858150
"Munda, Ambush Leader",2RW,Battle for Zendikar,R,$1.40,$0.32,$0.07,2017-07-08 00:05:14.858150
Murasa Ranger,3G,Battle for Zendikar,U,$1.21,$0.20,$0.01,2017-07-08 00:05:14.858150
Murk Strider,3U,Battle for Zendikar,C,$1.14,$0.15,$0.01,2017-07-08 00:05:14.858150
Natural Connection,2G,Battle for Zendikar,C,$1.15,$0.15,$0.01,2017-07-08 00:05:14.858150
Nettle Drone,2R,Battle for Zendikar,C,$1.14,$0.15,$0.03,2017-07-08 00:05:14.858150
Nirkana Assassin,2B,Battle for Zendikar,C,$1.14,$0.14,$0.01,2017-07-08 00:05:14.858150
Nissa's Renewal,5G,Battle for Zendikar,R,$5.00,$0.49,$0.20,2017-07-08 00:05:14.858150
"Noyan Dar, Roil Shaper",3WU,Battle for Zendikar,R,$1.50,$0.34,$0.08,2017-07-08 00:05:14.858150
Ob Nixilis Reignited,3BB,Battle for Zendikar,M,$375.00,$3.12,$1.75,2017-07-08 00:05:14.858150
Oblivion Sower,6,Battle for Zendikar,M,$7.75,$1.23,$0.10,2017-07-08 00:05:14.858150
Octopus Token,0,Battle for Zendikar,T,$1.18,$0.18,$0.03,2017-07-08 00:05:14.858150
"Omnath, Locus of Rage",3RRGG,Battle for Zendikar,M,$3.99,$1.26,$0.79,2017-07-08 00:05:14.858150
Ondu Champion,2RR,Battle for Zendikar,C,$1.14,$0.14,$0.01,2017-07-08 00:05:14.858150
Ondu Greathorn,3W,Battle for Zendikar,C,$1.14,$0.14,$0.01,2017-07-08 00:05:14.858150
Ondu Rising,1W,Battle for Zendikar,U,$1.34,$0.20,$0.01,2017-07-08 00:05:14.858150
Oracle of Dust,4U,Battle for Zendikar,C,$1.14,$0.14,$0.01,2017-07-08 00:05:14.858150
Oran-Rief Hydra,4GG,Battle for Zendikar,R,$1.29,$0.28,$0.09,2017-07-08 00:05:14.858150
Oran-Rief Invoker,1G,Battle for Zendikar,C,$1.14,$0.14,$0.01,2017-07-08 00:05:14.858150
Outnumber,R,Battle for Zendikar,C,$1.14,$0.15,$0.01,2017-07-08 00:05:14.858150
Painful Truths,2B,Battle for Zendikar,R,$72.00,$0.52,$0.08,2017-07-08 00:05:14.858150
Part the Waterveil,4UU,Battle for Zendikar,M,$7.00,$2.48,$1.10,2017-07-08 00:05:14.858150
Pathway Arrows,1,Battle for Zendikar,U,$1.32,$0.19,$0.01,2017-07-08 00:05:14.858150
Pilgrim's Eye,3,Battle for Zendikar,U,$1.29,$0.20,$0.03,2017-07-08 00:05:14.858150
Plains (250 Full Art),,Battle for Zendikar,L,$2.00,$0.29,$0.17,2017-07-08 00:05:14.858150
Plains (250),,Battle for Zendikar,L,$1.99,$0.19,$0.08,2017-07-08 00:05:14.858150
Plains (251 Full Art),,Battle for Zendikar,L,$1.75,$0.26,$0.15,2017-07-08 00:05:14.858150
Plains (251),,Battle for Zendikar,L,$1.99,$0.21,$0.10,2017-07-08 00:05:14.858150
Plains (252 Full Art),,Battle for Zendikar,L,$2.00,$0.25,$0.05,2017-07-08 00:05:14.858150
Plains (252),,Battle for Zendikar,L,$2.00,$0.21,$0.08,2017-07-08 00:05:14.858150
Plains (253 Full Art),,Battle for Zendikar,L,$2.00,$0.25,$0.10,2017-07-08 00:05:14.858150
Plains (253),,Battle for Zendikar,L,$1.99,$0.21,$0.07,2017-07-08 00:05:14.858150
Plains (254 Full Art),,Battle for Zendikar,L,$2.00,$0.25,$0.10,2017-07-08 00:05:14.858150
Plains (254),,Battle for Zendikar,L,$1.99,$0.26,$0.22,2017-07-08 00:05:14.858150
Planar Outburst,3WW,Battle for Zendikar,R,$1.99,$0.40,$0.05,2017-07-08 00:05:14.858150
Plant Token,0,Battle for Zendikar,T,$0.95,$0.16,$0.02,2017-07-08 00:05:14.858150
Plated Crusher,4GGG,Battle for Zendikar,U,$1.19,$0.20,$0.03,2017-07-08 00:05:14.858150
Plummet,1G,Battle for Zendikar,C,$1.14,$0.14,$0.01,2017-07-08 00:05:14.858150
Prairie Stream,,Battle for Zendikar,R,$9.99,$2.21,$1.10,2017-07-08 00:05:14.858150
Prism Array,4U,Battle for Zendikar,R,$1.35,$0.32,$0.07,2017-07-08 00:05:14.858150
Processor Assault,1R,Battle for Zendikar,U,$1.20,$0.20,$0.01,2017-07-08 00:05:14.858150
Quarantine Field,XXWW,Battle for Zendikar,M,$4.75,$1.11,$0.40,2017-07-08 00:05:14.858150
Radiant Flames,2R,Battle for Zendikar,R,$2.99,$0.70,$0.17,2017-07-08 00:05:14.858150
Reckless Cohort,1R,Battle for Zendikar,C,$1.14,$0.14,$0.01,2017-07-08 00:05:14.858150
Reclaiming Vines,2GG,Battle for Zendikar,C,$1.14,$0.14,$0.01,2017-07-08 00:05:14.858150
Resolute Blademaster,3RW,Battle for Zendikar,U,$1.19,$0.20,$0.05,2017-07-08 00:05:14.858150
Retreat to Coralhelm,2U,Battle for Zendikar,U,$1.21,$0.21,$0.04,2017-07-08 00:05:14.858150
Retreat to Emeria,3W,Battle for Zendikar,U,$1.19,$0.21,$0.04,2017-07-08 00:05:14.858150
Retreat to Hagra,2B,Battle for Zendikar,U,$1.17,$0.20,$0.01,2017-07-08 00:05:14.858150
Retreat to Kazandu,2G,Battle for Zendikar,U,$1.17,$0.20,$0.01,2017-07-08 00:05:14.858150
Retreat to Valakut,2R,Battle for Zendikar,U,$3.03,$0.20,$0.01,2017-07-08 00:05:14.858150
Rising Miasma,3B,Battle for Zendikar,U,$1.33,$0.20,$0.01,2017-07-08 00:05:14.858150
Roil Spout,1WU,Battle for Zendikar,U,$1.33,$0.19,$0.01,2017-07-08 00:05:14.858150
Roil's Retribution,3WW,Battle for Zendikar,U,$1.21,$0.20,$0.01,2017-07-08 00:05:14.858150
Roilmage's Trick,3U,Battle for Zendikar,C,$1.14,$0.14,$0.01,2017-07-08 00:05:14.858150
Rolling Thunder,XRR,Battle for Zendikar,U,$1.19,$0.20,$0.04,2017-07-08 00:05:14.858150
Rot Shambler,1G,Battle for Zendikar,U,$1.18,$0.19,$0.01,2017-07-08 00:05:14.858150
Ruin Processor,7,Battle for Zendikar,C,$1.15,$0.15,$0.01,2017-07-08 00:05:14.858150
Ruination Guide,2U,Battle for Zendikar,U,$1.22,$0.23,$0.01,2017-07-08 00:05:14.858150
Ruinous Path,1BB,Battle for Zendikar,R,$8.99,$1.00,$0.27,2017-07-08 00:05:14.858150
Rush of Ice,U,Battle for Zendikar,C,$1.13,$0.15,$0.01,2017-07-08 00:05:14.858150
Salvage Drone,U,Battle for Zendikar,C,$1.13,$0.14,$0.01,2017-07-08 00:05:14.858150
Sanctum of Ugin,,Battle for Zendikar,R,$2.99,$1.18,$0.50,2017-07-08 00:05:14.858150
Sandstone Bridge,,Battle for Zendikar,C,$1.15,$0.15,$0.01,2017-07-08 00:05:14.858150
Scatter to the Winds,1UU,Battle for Zendikar,R,$3.99,$0.40,$0.05,2017-07-08 00:05:14.858150
Scour from Existence,7,Battle for Zendikar,C,$1.13,$0.15,$0.04,2017-07-08 00:05:14.858150
Scythe Leopard,G,Battle for Zendikar,U,$1.42,$0.22,$0.01,2017-07-08 00:05:14.858150
Seek the Wilds,1G,Battle for Zendikar,C,$1.14,$0.14,$0.01,2017-07-08 00:05:14.858150
Serene Steward,1W,Battle for Zendikar,U,$1.19,$0.20,$0.04,2017-07-08 00:05:14.858150
Serpentine Spike,5RR,Battle for Zendikar,R,$1.45,$0.30,$0.04,2017-07-08 00:05:14.858150
Shadow Glider,2W,Battle for Zendikar,C,$1.14,$0.14,$0.01,2017-07-08 00:05:14.858150
Shambling Vent,0,Battle for Zendikar,R,$9.99,$3.73,$1.47,2017-07-08 00:05:14.858150
Shatterskull Recruit,3RR,Battle for Zendikar,C,$1.14,$0.14,$0.01,2017-07-08 00:05:14.858150
Sheer Drop,2W,Battle for Zendikar,C,$1.14,$0.14,$0.01,2017-07-08 00:05:14.858150
Shrine of the Forsaken Gods,,Battle for Zendikar,R,$3.40,$0.49,$0.10,2017-07-08 00:05:14.858150
Silent Skimmer,3B,Battle for Zendikar,C,$1.14,$0.14,$0.01,2017-07-08 00:05:14.858150
Sire of Stagnation,4UB,Battle for Zendikar,M,$5.54,$0.86,$0.35,2017-07-08 00:05:14.858150
Skitterskin,3B,Battle for Zendikar,U,$1.21,$0.20,$0.01,2017-07-08 00:05:14.858150
Skyline Cascade,,Battle for Zendikar,C,$1.15,$0.15,$0.03,2017-07-08 00:05:14.858150
Skyrider Elf,XGU,Battle for Zendikar,U,$1.35,$0.22,$0.01,2017-07-08 00:05:14.858150
Slab Hammer,2,Battle for Zendikar,U,$1.21,$0.20,$0.01,2017-07-08 00:05:14.858150
Sludge Crawler,B,Battle for Zendikar,C,$1.14,$0.14,$0.02,2017-07-08 00:05:14.858150
Smite the Monstrous,3W,Battle for Zendikar,C,$1.14,$0.14,$0.01,2017-07-08 00:05:14.858150
Smoldering Marsh,,Battle for Zendikar,R,$19.99,$2.25,$1.10,2017-07-08 00:05:14.858150
Smothering Abomination,2BB,Battle for Zendikar,R,$1.99,$0.33,$0.09,2017-07-08 00:05:14.858150
Snapping Gnarlid,1G,Battle for Zendikar,C,$1.14,$0.14,$0.01,2017-07-08 00:05:14.858150
Spawning Bed,,Battle for Zendikar,U,$1.41,$0.20,$0.05,2017-07-08 00:05:14.858150
Spell Shrivel,2U,Battle for Zendikar,C,$1.14,$0.15,$0.05,2017-07-08 00:05:14.858150
Stasis Snare,1WW,Battle for Zendikar,U,$2.70,$0.79,$0.18,2017-07-08 00:05:14.858150
Stone Haven Medic,1W,Battle for Zendikar,C,$1.14,$0.14,$0.01,2017-07-08 00:05:14.858150
Stonefury,3RR,Battle for Zendikar,C,$1.14,$0.14,$0.01,2017-07-08 00:05:14.858150
Sunken Hollow,,Battle for Zendikar,R,$9.99,$2.38,$0.75,2017-07-08 00:05:14.858150
Sure Strike,1R,Battle for Zendikar,C,$1.14,$0.14,$0.01,2017-07-08 00:05:14.858150
Swamp (260 Full Art),,Battle for Zendikar,L,$2.00,$0.25,$0.07,2017-07-08 00:05:14.858150
Swamp (260),,Battle for Zendikar,L,$1.99,$0.17,$0.05,2017-07-08 00:05:14.858150
Swamp (261 Full Art),,Battle for Zendikar,L,$2.00,$0.27,$0.10,2017-07-08 00:05:14.858150
Swamp (261),,Battle for Zendikar,L,$1.99,$0.25,$0.15,2017-07-08 00:05:14.858150
Swamp (262 Full Art),,Battle for Zendikar,L,$2.00,$0.27,$0.19,2017-07-08 00:05:14.858150
Swamp (262),,Battle for Zendikar,L,$1.99,$0.22,$0.07,2017-07-08 00:05:14.858150
Swamp (263 Full Art),,Battle for Zendikar,L,$2.00,$0.27,$0.10,2017-07-08 00:05:14.858150
Swamp (263),,Battle for Zendikar,L,$1.99,$0.19,$0.10,2017-07-08 00:05:14.858150
Swamp (264 Full Art),,Battle for Zendikar,L,$2.00,$0.25,$0.10,2017-07-08 00:05:14.858150
Swamp (264),,Battle for Zendikar,L,$1.99,$0.15,$0.06,2017-07-08 00:05:14.858150
Swarm Surge,2B,Battle for Zendikar,C,$1.14,$0.14,$0.01,2017-07-08 00:05:14.858150
Swell of Growth,1G,Battle for Zendikar,C,$1.14,$0.15,$0.03,2017-07-08 00:05:14.858150
Sylvan Scrying,1G,Battle for Zendikar,U,$3.59,$0.29,$0.05,2017-07-08 00:05:14.858150
Tajuru Beastmaster,5G,Battle for Zendikar,C,$1.14,$0.14,$0.01,2017-07-08 00:05:14.858150
Tajuru Stalwart,2G,Battle for Zendikar,C,$1.14,$0.14,$0.01,2017-07-08 00:05:14.858150
Tajuru Warcaller,3GG,Battle for Zendikar,U,$1.18,$0.20,$0.01,2017-07-08 00:05:14.858150
Tandem Tactics,1W,Battle for Zendikar,C,$1.14,$0.14,$0.01,2017-07-08 00:05:14.858150
Territorial Baloth,4G,Battle for Zendikar,C,$1.14,$0.14,$0.01,2017-07-08 00:05:14.858150
Tide Drifter,1U,Battle for Zendikar,U,$1.19,$0.20,$0.05,2017-07-08 00:05:14.858150
Tightening Coils,1U,Battle for Zendikar,C,$1.14,$0.14,$0.01,2017-07-08 00:05:14.858150
Titan's Presence,3,Battle for Zendikar,U,$1.23,$0.25,$0.01,2017-07-08 00:05:14.858150
Touch of the Void,2R,Battle for Zendikar,C,$1.14,$0.14,$0.01,2017-07-08 00:05:14.858150
Transgress the Mind,1B,Battle for Zendikar,U,$3.32,$1.22,$0.50,2017-07-08 00:05:14.858150
Tunneling Geopede,2R,Battle for Zendikar,U,$1.21,$0.21,$0.02,2017-07-08 00:05:14.858150
Turn Against,4R,Battle for Zendikar,U,$1.20,$0.20,$0.01,2017-07-08 00:05:14.858150
Ugin's Insight,3UU,Battle for Zendikar,R,$1.60,$0.32,$0.08,2017-07-08 00:05:14.858150
Ulamog's Despoiler,6,Battle for Zendikar,U,$1.19,$0.20,$0.03,2017-07-08 00:05:14.858150
Ulamog's Nullifier,2UB,Battle for Zendikar,U,$1.36,$0.21,$0.04,2017-07-08 00:05:14.858150
Ulamog's Reclaimer,4U,Battle for Zendikar,U,$1.21,$0.20,$0.01,2017-07-08 00:05:14.858150
"Ulamog, the Ceaseless Hunger",10,Battle for Zendikar,M,$75.00,$15.73,$9.00,2017-07-08 00:05:14.858150
Undergrowth Champion,1GG,Battle for Zendikar,M,$17.99,$1.13,$0.49,2017-07-08 00:05:14.858150
Unified Front,3W,Battle for Zendikar,U,$1.34,$0.20,$0.01,2017-07-08 00:05:14.858150
Unnatural Aggression,2G,Battle for Zendikar,C,$1.14,$0.14,$0.01,2017-07-08 00:05:14.858150
Valakut Invoker,2R,Battle for Zendikar,C,$1.14,$0.14,$0.01,2017-07-08 00:05:14.858150
Valakut Predator,2R,Battle for Zendikar,C,$1.14,$0.14,$0.01,2017-07-08 00:05:14.858150
Vampiric Rites,B,Battle for Zendikar,U,$1.19,$0.20,$0.03,2017-07-08 00:05:14.858150
Vestige of Emrakul,3R,Battle for Zendikar,C,$1.14,$0.14,$0.01,2017-07-08 00:05:14.858150
Veteran Warleader,1GW,Battle for Zendikar,R,$1.40,$0.25,$0.09,2017-07-08 00:05:14.858150
Vile Aggregate,2R,Battle for Zendikar,U,$1.99,$0.25,$0.03,2017-07-08 00:05:14.858150
Void Attendant,2G,Battle for Zendikar,U,$1.21,$0.20,$0.01,2017-07-08 00:05:14.858150
Void Winnower,9,Battle for Zendikar,M,$8.00,$2.23,$0.94,2017-07-08 00:05:14.858150
Volcanic Upheaval,3R,Battle for Zendikar,C,$1.14,$0.14,$0.01,2017-07-08 00:05:14.858150
Voracious Null,2B,Battle for Zendikar,C,$1.14,$0.15,$0.01,2017-07-08 00:05:14.858150
Wasteland Strangler,2B,Battle for Zendikar,R,$2.99,$0.41,$0.09,2017-07-08 00:05:14.858150
Wave-Wing Elemental,5U,Battle for Zendikar,C,$1.14,$0.14,$0.01,2017-07-08 00:05:14.858150
Windrider Patrol,3UU,Battle for Zendikar,U,$1.21,$0.21,$0.01,2017-07-08 00:05:14.858150
Woodland Wanderer,3G,Battle for Zendikar,R,$1.99,$0.29,$0.08,2017-07-08 00:05:14.858150
"Zada, Hedron Grinder",3R,Battle for Zendikar,R,$3.49,$0.42,$0.09,2017-07-08 00:05:14.858150
Zulaport Cutthroat,1B,Battle for Zendikar,U,$35.00,$0.52,$0.30,2017-07-08 00:05:14.858150
Abundance,2GG,10th Edition,R,$4.25,$2.70,$1.40,2017-07-08 01:52:59.606742
Abundance,,10th Edition,C,,,,2017-07-08 01:52:59.606742
Academy Researchers,1UU,10th Edition,U,$1.29,$0.30,$0.10,2017-07-08 01:52:59.606742
Adarkar Wastes,,10th Edition,R,$15.00,$9.54,$6.31,2017-07-08 01:52:59.606742
Afflict,2B,10th Edition,C,$1.13,$0.15,$0.04,2017-07-08 01:52:59.606742
Aggressive Urge,1G,10th Edition,C,$1.15,$0.18,$0.05,2017-07-08 01:52:59.606742
Agonizing Memories,2BB,10th Edition,U,$1.17,$0.20,$0.06,2017-07-08 01:52:59.606742
Air Elemental,3UU,10th Edition,U,$1.20,$0.22,$0.07,2017-07-08 01:52:59.606742
Ambassador Laquatus,1UU,10th Edition,R,$2.49,$1.10,$0.65,2017-07-08 01:52:59.606742
Anaba Bodyguard,3R,10th Edition,C,$1.14,$0.15,$0.05,2017-07-08 01:52:59.606742
Ancestor's Chosen,5WW,10th Edition,U,$1.17,$0.20,$0.06,2017-07-08 01:52:59.606742
Angel of Mercy,4W,10th Edition,U,$1.18,$0.22,$0.09,2017-07-08 01:52:59.606742
Angel's Feather,2,10th Edition,U,$0.98,$0.20,$0.01,2017-07-08 01:52:59.606742
Angelic Blessing,2W,10th Edition,C,$1.14,$0.15,$0.05,2017-07-08 01:52:59.606742
Angelic Chorus,3WW,10th Edition,R,$7.19,$5.62,$4.49,2017-07-08 01:52:59.606742
Angelic Wall,1W,10th Edition,C,$0.94,$0.18,$0.05,2017-07-08 01:52:59.606742
Arcane Teachings,2R,10th Edition,U,$0.98,$0.21,$0.09,2017-07-08 01:52:59.606742
Arcanis the Omnipotent,3UUU,10th Edition,R,$5.00,$2.24,$1.39,2017-07-08 01:52:59.606742
Ascendant Evincar,4BB,10th Edition,R,$2.08,$0.99,$0.48,2017-07-08 01:52:59.606742
Assassinate,2B,10th Edition,C,$1.14,$0.15,$0.04,2017-07-08 01:52:59.606742
Aura Graft,1U,10th Edition,U,$1.59,$0.21,$0.09,2017-07-08 01:52:59.606742
Aura of Silence,1WW,10th Edition,U,$2.99,$1.57,$0.35,2017-07-08 01:52:59.606742
Avatar of Might,6GG,10th Edition,R,$2.00,$0.72,$0.33,2017-07-08 01:52:59.606742
Aven Cloudchaser,3W,10th Edition,C,$1.15,$0.16,$0.05,2017-07-08 01:52:59.606742
Aven Fisher,3U,10th Edition,C,$1.16,$0.17,$0.05,2017-07-08 01:52:59.606742
Aven Windreader,3UU,10th Edition,C,$1.14,$0.15,$0.05,2017-07-08 01:52:59.606742
Ballista Squad,3W,10th Edition,U,$1.21,$0.23,$0.07,2017-07-08 01:52:59.606742
Bandage,W,10th Edition,C,$1.15,$0.16,$0.05,2017-07-08 01:52:59.606742
Battlefield Forge,,10th Edition,R,$8.58,$1.99,$0.78,2017-07-08 01:52:59.606742
Beacon of Destruction,3RR,10th Edition,R,$2.00,$0.51,$0.15,2017-07-08 01:52:59.606742
Beacon of Immortality,5W,10th Edition,R,$11.83,$7.99,$5.99,2017-07-08 01:52:59.606742
Beacon of Unrest,3BB,10th Edition,R,$4.51,$3.22,$1.44,2017-07-08 01:52:59.606742
Benalish Knight,2W,10th Edition,C,$0.94,$0.18,$0.05,2017-07-08 01:52:59.606742
Birds of Paradise,G,10th Edition,R,$10.79,$7.12,$4.50,2017-07-08 01:52:59.606742
Blanchwood Armor,2G,10th Edition,U,$1.55,$0.55,$0.21,2017-07-08 01:52:59.606742
Blaze,XR,10th Edition,U,$0.67,$0.27,$0.10,2017-07-08 01:52:59.606742
Bloodfire Colossus,6RR,10th Edition,R,$1.29,$0.31,$0.12,2017-07-08 01:52:59.606742
Bloodrock Cyclops,2R,10th Edition,C,$1.14,$0.15,$0.05,2017-07-08 01:52:59.606742
Bog Wraith,3B,10th Edition,U,$0.98,$0.20,$0.06,2017-07-08 01:52:59.606742
Bogardan Firefiend,2R,10th Edition,C,$1.15,$0.17,$0.05,2017-07-08 01:52:59.606742
Boomerang,UU,10th Edition,C,$0.48,$0.23,$0.05,2017-07-08 01:52:59.606742
Bottle Gnomes,3,10th Edition,U,$1.18,$0.20,$0.05,2017-07-08 01:52:59.606742
Brushland,,10th Edition,R,$19.99,$15.34,$10.00,2017-07-08 01:52:59.606742
Cancel,1UU,10th Edition,C,$1.17,$0.19,$0.05,2017-07-08 01:52:59.606742
Canopy Spider,1G,10th Edition,C,$1.15,$0.17,$0.05,2017-07-08 01:52:59.606742
Caves of Koilos,,10th Edition,R,$4.98,$2.34,$0.70,2017-07-08 01:52:59.606742
Cephalid Constable,1UU,10th Edition,R,$2.15,$0.80,$0.48,2017-07-08 01:52:59.606742
Chimeric Staff,4,10th Edition,R,$1.33,$0.33,$0.13,2017-07-08 01:52:59.606742
"Cho-Manno, Revolutionary",2WW,10th Edition,R,$1.64,$0.65,$0.01,2017-07-08 01:52:59.606742
Chromatic Star,1,10th Edition,U,$5.99,$4.46,$2.75,2017-07-08 01:52:59.606742
Citanul Flute,5,10th Edition,R,$5.36,$2.13,$1.50,2017-07-08 01:52:59.606742
Civic Wayfinder,2G,10th Edition,C,$1.15,$0.17,$0.05,2017-07-08 01:52:59.606742
Clone,3U,10th Edition,R,$1.37,$0.62,$0.22,2017-07-08 01:52:59.606742
Cloud Elemental,2U,10th Edition,C,$1.14,$0.15,$0.05,2017-07-08 01:52:59.606742
Cloud Sprite,U,10th Edition,C,$1.15,$0.17,$0.05,2017-07-08 01:52:59.606742
Coat of Arms,5,10th Edition,R,$11.99,$7.99,$5.69,2017-07-08 01:52:59.606742
Colossus of Sardia,9,10th Edition,R,$1.31,$0.33,$0.15,2017-07-08 01:52:59.606742
Commune with Nature,G,10th Edition,C,$1.15,$0.17,$0.05,2017-07-08 01:52:59.606742
Composite Golem,6,10th Edition,U,$1.12,$0.35,$0.10,2017-07-08 01:52:59.606742
Condemn,W,10th Edition,U,$1.33,$0.40,$0.15,2017-07-08 01:52:59.606742
Cone of Flame,3RR,10th Edition,U,$1.17,$0.20,$0.05,2017-07-08 01:52:59.606742
Consume Spirit,X1B,10th Edition,U,$0.94,$0.23,$0.07,2017-07-08 01:52:59.606742
Contaminated Bond,1B,10th Edition,C,$0.94,$0.17,$0.05,2017-07-08 01:52:59.606742
Counsel of the Soratami,2U,10th Edition,C,$1.14,$0.16,$0.05,2017-07-08 01:52:59.606742
Crafty Pathmage,2U,10th Edition,C,$1.14,$0.15,$0.05,2017-07-08 01:52:59.606742
Craw Wurm,4GG,10th Edition,C,$1.14,$0.16,$0.04,2017-07-08 01:52:59.606742
Creeping Mold,2GG,10th Edition,U,$0.94,$0.20,$0.06,2017-07-08 01:52:59.606742
Crucible of Worlds,3,10th Edition,R,$76.99,$64.99,$58.70,2017-07-08 01:52:59.606742
Cruel Edict,1B,10th Edition,U,$1.41,$0.42,$0.14,2017-07-08 01:52:59.606742
Cryoclasm,2R,10th Edition,U,$1.24,$0.25,$0.07,2017-07-08 01:52:59.606742
Deathmark,B,10th Edition,U,$1.22,$0.25,$0.08,2017-07-08 01:52:59.606742
Dehydration,3U,10th Edition,C,$1.14,$0.15,$0.05,2017-07-08 01:52:59.606742
Deluge,2U,10th Edition,U,$1.22,$0.25,$0.09,2017-07-08 01:52:59.606742
Demolish,3R,10th Edition,C,$1.14,$0.15,$0.04,2017-07-08 01:52:59.606742
Demon's Horn,2,10th Edition,U,$1.17,$0.20,$0.05,2017-07-08 01:52:59.606742
Demystify,W,10th Edition,C,$1.14,$0.16,$0.05,2017-07-08 01:52:59.606742
Denizen of the Deep,6UU,10th Edition,R,$1.30,$0.31,$0.13,2017-07-08 01:52:59.606742
Diabolic Tutor,2BB,10th Edition,U,$0.98,$0.48,$0.15,2017-07-08 01:52:59.606742
Discombobulate,2UU,10th Edition,U,$0.98,$0.22,$0.08,2017-07-08 01:52:59.606742
Distress,BB,10th Edition,C,$1.17,$0.19,$0.05,2017-07-08 01:52:59.606742
Doomed Necromancer,2B,10th Edition,R,$6.03,$4.25,$2.41,2017-07-08 01:52:59.606742
Doubling Cube,2,10th Edition,R,$16.79,$10.11,$8.99,2017-07-08 01:52:59.606742
Dragon Roost,4RR,10th Edition,R,$2.68,$1.47,$0.89,2017-07-08 01:52:59.606742
Dragon Token,,10th Edition,T,$1.98,$0.79,$0.63,2017-07-08 01:52:59.606742
Dragon's Claw,2,10th Edition,U,$1.28,$0.29,$0.14,2017-07-08 01:52:59.606742
Dreamborn Muse,2UU,10th Edition,R,$1.34,$0.61,$0.33,2017-07-08 01:52:59.606742
Dross Crocodile,3B,10th Edition,C,$1.14,$0.16,$0.05,2017-07-08 01:52:59.606742
Drudge Skeletons,1B,10th Edition,U,$1.18,$0.19,$0.06,2017-07-08 01:52:59.606742
Duct Crawler,R,10th Edition,C,$1.14,$0.15,$0.04,2017-07-08 01:52:59.606742
Dusk Imp,2B,10th Edition,C,$1.14,$0.15,$0.05,2017-07-08 01:52:59.606742
Earth Elemental,3RR,10th Edition,U,$0.98,$0.20,$0.05,2017-07-08 01:52:59.606742
Elven Riders,3GG,10th Edition,U,$0.98,$0.20,$0.04,2017-07-08 01:52:59.606742
Elvish Berserker,G,10th Edition,C,$0.94,$0.17,$0.05,2017-07-08 01:52:59.606742
Elvish Champion,1GG,10th Edition,R,$9.59,$5.99,$3.80,2017-07-08 01:52:59.606742
Elvish Piper,3G,10th Edition,R,$10.79,$7.67,$5.90,2017-07-08 01:52:59.606742
Enormous Baloth,6G,10th Edition,U,$1.17,$0.20,$0.05,2017-07-08 01:52:59.606742
Essence Drain,4B,10th Edition,C,$1.14,$0.15,$0.04,2017-07-08 01:52:59.606742
Evacuation,3UU,10th Edition,R,$4.31,$2.28,$0.99,2017-07-08 01:52:59.606742
Faerie Conclave,,10th Edition,U,$2.99,$1.69,$1.00,2017-07-08 01:52:59.606742
Fear,BB,10th Edition,C,$1.14,$0.16,$0.05,2017-07-08 01:52:59.606742
Femeref Archers,2G,10th Edition,U,$0.98,$0.21,$0.06,2017-07-08 01:52:59.606742
Festering Goblin,B,10th Edition,C,$1.16,$0.17,$0.05,2017-07-08 01:52:59.606742
Field Marshal,1WW,10th Edition,R,$7.47,$5.70,$4.00,2017-07-08 01:52:59.606742
Firebreathing,R,10th Edition,C,$1.14,$0.16,$0.05,2017-07-08 01:52:59.606742
Fists of the Anvil,1R,10th Edition,C,$1.15,$0.16,$0.05,2017-07-08 01:52:59.606742
Flamewave Invoker,2R,10th Edition,U,$0.99,$0.21,$0.06,2017-07-08 01:52:59.606742
Flashfreeze,1U,10th Edition,U,$1.26,$0.26,$0.07,2017-07-08 01:52:59.606742
Flowstone Slide,X2RR,10th Edition,R,$1.39,$0.40,$0.14,2017-07-08 01:52:59.606742
Fog Elemental,2U,10th Edition,U,$0.98,$0.20,$0.07,2017-07-08 01:52:59.606742
Forbidding Watchtower,,10th Edition,U,$2.49,$0.70,$0.23,2017-07-08 01:52:59.606742
Forest (380),,10th Edition,L,$0.52,$0.24,$0.12,2017-07-08 01:52:59.606742
Forest (381),,10th Edition,L,$0.56,$0.25,$0.13,2017-07-08 01:52:59.606742
Forest (382),,10th Edition,L,$0.56,$0.25,$0.14,2017-07-08 01:52:59.606742
Forest (383),,10th Edition,L,$0.53,$0.24,$0.13,2017-07-08 01:52:59.606742
Fountain of Youth,0,10th Edition,U,$1.19,$0.22,$0.04,2017-07-08 01:52:59.606742
Fugitive Wizard,U,10th Edition,C,$1.14,$0.16,$0.04,2017-07-08 01:52:59.606742
Furnace of Rath,1RRR,10th Edition,R,$3.29,$1.53,$0.92,2017-07-08 01:52:59.606742
Furnace Whelp,2RR,10th Edition,U,$1.19,$0.23,$0.07,2017-07-08 01:52:59.606742
Gaea's Herald,1G,10th Edition,R,$3.59,$1.73,$1.15,2017-07-08 01:52:59.606742
Ghitu Encampment,,10th Edition,U,$1.50,$0.31,$0.10,2017-07-08 01:52:59.606742
Ghost Warden,1W,10th Edition,C,$1.15,$0.16,$0.04,2017-07-08 01:52:59.606742
Giant Growth,G,10th Edition,C,$0.94,$0.21,$0.05,2017-07-08 01:52:59.606742
Giant Spider,3G,10th Edition,C,$1.14,$0.15,$0.04,2017-07-08 01:52:59.606742
Glorious Anthem,1WW,10th Edition,R,$2.43,$1.63,$0.89,2017-07-08 01:52:59.606742
Goblin Elite Infantry,1R,10th Edition,C,$1.14,$0.16,$0.03,2017-07-08 01:52:59.606742
Goblin King,1RR,10th Edition,R,$6.83,$4.50,$2.85,2017-07-08 01:52:59.606742
Goblin Lore,1R,10th Edition,U,$2.63,$0.32,$0.10,2017-07-08 01:52:59.606742
Goblin Piker,1R,10th Edition,C,$1.14,$0.15,$0.04,2017-07-08 01:52:59.606742
Goblin Sky Raider,2R,10th Edition,C,$1.14,$0.15,$0.04,2017-07-08 01:52:59.606742
Goblin Token,,10th Edition,T,$0.60,$0.33,$0.05,2017-07-08 01:52:59.606742
Grave Pact,1BBB,10th Edition,R,$16.79,$12.93,$10.99,2017-07-08 01:52:59.606742
Graveborn Muse,2BB,10th Edition,R,$3.59,$2.45,$1.76,2017-07-08 01:52:59.606742
Gravedigger,3B,10th Edition,C,$1.14,$0.15,$0.05,2017-07-08 01:52:59.606742
Grizzly Bears,1G,10th Edition,C,$0.69,$0.16,$0.05,2017-07-08 01:52:59.606742
Guerrilla Tactics,1R,10th Edition,U,$0.98,$0.21,$0.06,2017-07-08 01:52:59.606742
Hail of Arrows,XW,10th Edition,U,$0.98,$0.25,$0.07,2017-07-08 01:52:59.606742
Hate Weaver,1B,10th Edition,U,$1.17,$0.19,$0.06,2017-07-08 01:52:59.606742
Head Games,3BB,10th Edition,R,$1.33,$0.37,$0.19,2017-07-08 01:52:59.606742
Heart of Light,2W,10th Edition,C,$1.15,$0.17,$0.05,2017-07-08 01:52:59.606742
Hidden Horror,1BB,10th Edition,U,$1.23,$0.25,$0.09,2017-07-08 01:52:59.606742
High Ground,W,10th Edition,U,$1.01,$0.29,$0.10,2017-07-08 01:52:59.606742
Highway Robber,2BB,10th Edition,C,$1.14,$0.16,$0.04,2017-07-08 01:52:59.606742
Hill Giant,3R,10th Edition,C,$1.14,$0.16,$0.01,2017-07-08 01:52:59.606742
Holy Day,W,10th Edition,C,$3.00,$0.67,$0.23,2017-07-08 01:52:59.606742
Holy Strength,W,10th Edition,C,$0.94,$0.16,$0.05,2017-07-08 01:52:59.606742
Honor Guard,W,10th Edition,C,$1.14,$0.15,$0.04,2017-07-08 01:52:59.606742
Horseshoe Crab,2U,10th Edition,C,$0.94,$0.17,$0.05,2017-07-08 01:52:59.606742
Howling Mine,2,10th Edition,R,$9.99,$3.91,$2.19,2017-07-08 01:52:59.606742
Hunted Wumpus,3G,10th Edition,U,$0.98,$0.25,$0.07,2017-07-08 01:52:59.606742
Hurkyl's Recall,1U,10th Edition,R,$8.98,$5.18,$3.63,2017-07-08 01:52:59.606742
Hurricane,XG,10th Edition,R,$1.79,$0.60,$0.25,2017-07-08 01:52:59.606742
Hypnotic Specter,1BB,10th Edition,R,$3.41,$1.95,$1.25,2017-07-08 01:52:59.606742
Icatian Priest,W,10th Edition,U,$0.99,$0.20,$0.05,2017-07-08 01:52:59.606742
Icy Manipulator,4,10th Edition,U,$2.45,$0.33,$0.10,2017-07-08 01:52:59.606742
Incinerate,1R,10th Edition,C,$1.19,$0.21,$0.05,2017-07-08 01:52:59.606742
Island (368),,10th Edition,L,$0.65,$0.34,$0.20,2017-07-08 01:52:59.606742
Island (369),,10th Edition,L,$1.29,$0.27,$0.14,2017-07-08 01:52:59.606742
Island (370),,10th Edition,L,$1.59,$0.26,$0.14,2017-07-08 01:52:59.606742
Island (371),,10th Edition,L,$0.98,$0.25,$0.11,2017-07-08 01:52:59.606742
Jayemdae Tome,4,10th Edition,R,$1.28,$0.31,$0.10,2017-07-08 01:52:59.606742
Joiner Adept,1G,10th Edition,R,$4.19,$3.29,$1.99,2017-07-08 01:52:59.606742
Juggernaut,4,10th Edition,U,$1.17,$0.20,$0.07,2017-07-08 01:52:59.606742
"Kamahl, Pit Fighter",4RR,10th Edition,R,$1.45,$0.43,$0.14,2017-07-08 01:52:59.606742
Karplusan Forest,,10th Edition,R,$18.00,$6.15,$2.43,2017-07-08 01:52:59.606742
Karplusan Strider,3G,10th Edition,U,$0.98,$0.19,$0.06,2017-07-08 01:52:59.606742
Kavu Climber,3GG,10th Edition,C,$1.15,$0.16,$0.05,2017-07-08 01:52:59.606742
Kjeldoran Royal Guard,3WW,10th Edition,R,$1.40,$0.40,$0.10,2017-07-08 01:52:59.606742
Knight of Dusk,1BB,10th Edition,U,$1.95,$0.35,$0.10,2017-07-08 01:52:59.606742
Kraken's Eye,2,10th Edition,U,$0.98,$0.19,$0.06,2017-07-08 01:52:59.606742
Lava Axe,4R,10th Edition,C,$1.15,$0.16,$0.05,2017-07-08 01:52:59.606742
Lavaborn Muse,3R,10th Edition,R,$1.40,$0.42,$0.15,2017-07-08 01:52:59.606742
Legacy Weapon,7,10th Edition,R,$2.99,$1.53,$0.71,2017-07-08 01:52:59.606742
Leonin Scimitar,1,10th Edition,U,$0.98,$0.25,$0.07,2017-07-08 01:52:59.606742
Lightning Elemental,3R,10th Edition,C,$0.94,$0.15,$0.04,2017-07-08 01:52:59.606742
Llanowar Elves,G,10th Edition,C,$1.24,$0.26,$0.05,2017-07-08 01:52:59.606742
Llanowar Sentinel,2G,10th Edition,C,$0.94,$0.18,$0.05,2017-07-08 01:52:59.606742
Llanowar Wastes,,10th Edition,R,$6.26,$2.57,$1.00,2017-07-08 01:52:59.606742
Looming Shade,2B,10th Edition,C,$1.14,$0.16,$0.04,2017-07-08 01:52:59.606742
Lord of the Pit,4BBB,10th Edition,R,$1.44,$0.48,$0.16,2017-07-08 01:52:59.606742
Lord of the Undead,1BB,10th Edition,R,$16.79,$11.37,$9.80,2017-07-08 01:52:59.606742
Loxodon Mystic,3WW,10th Edition,C,$1.15,$0.17,$0.04,2017-07-08 01:52:59.606742
Loxodon Warhammer,3,10th Edition,R,$2.20,$1.26,$0.72,2017-07-08 01:52:59.606742
Loyal Sentry,W,10th Edition,R,$1.17,$0.69,$0.40,2017-07-08 01:52:59.606742
Lumengrid Warden,1U,10th Edition,C,$1.15,$0.16,$0.04,2017-07-08 01:52:59.606742
Luminesce,W,10th Edition,U,$0.98,$0.20,$0.07,2017-07-08 01:52:59.606742
Lure,1GG,10th Edition,U,$1.19,$0.23,$0.07,2017-07-08 01:52:59.606742
Mahamoti Djinn,4UU,10th Edition,R,$1.29,$0.30,$0.13,2017-07-08 01:52:59.606742
Manabarbs,3R,10th Edition,R,$1.43,$0.44,$0.19,2017-07-08 01:52:59.606742
Mantis Engine,5,10th Edition,U,$1.17,$0.20,$0.06,2017-07-08 01:52:59.606742
March of the Machines,3U,10th Edition,R,$1.35,$0.58,$0.29,2017-07-08 01:52:59.606742
Mass of Ghouls,3BB,10th Edition,C,$1.14,$0.16,$0.05,2017-07-08 01:52:59.606742
Megrim,2B,10th Edition,U,$1.33,$0.36,$0.14,2017-07-08 01:52:59.606742
Merfolk Looter,1U,10th Edition,C,$1.15,$0.17,$0.03,2017-07-08 01:52:59.606742
Midnight Ritual,X2B,10th Edition,R,$1.30,$0.33,$0.14,2017-07-08 01:52:59.606742
Might of Oaks,3G,10th Edition,R,$1.17,$0.45,$0.15,2017-07-08 01:52:59.606742
Might Weaver,1G,10th Edition,U,$1.17,$0.19,$0.05,2017-07-08 01:52:59.606742
Millstone,2,10th Edition,R,$1.38,$0.42,$0.15,2017-07-08 01:52:59.606742
Mind Bend,U,10th Edition,R,$1.30,$0.34,$0.10,2017-07-08 01:52:59.606742
Mind Rot,2B,10th Edition,C,$0.94,$0.15,$0.05,2017-07-08 01:52:59.606742
Mind Stone,2,10th Edition,U,$1.48,$0.75,$0.46,2017-07-08 01:52:59.606742
"Mirri, Cat Warrior",1GG,10th Edition,R,$2.54,$1.27,$0.87,2017-07-08 01:52:59.606742
Mobilization,2W,10th Edition,R,$2.84,$1.26,$0.45,2017-07-08 01:52:59.606742
Mogg Fanatic,R,10th Edition,U,$1.17,$0.46,$0.16,2017-07-08 01:52:59.606742
"Molimo, Maro-Sorcerer",4GGG,10th Edition,R,$1.24,$0.52,$0.25,2017-07-08 01:52:59.606742
Mortal Combat,2BB,10th Edition,R,$3.27,$0.78,$0.25,2017-07-08 01:52:59.606742
Mortivore,2BB,10th Edition,R,$2.46,$1.21,$0.92,2017-07-08 01:52:59.606742
Mountain (376),,10th Edition,L,$0.51,$0.24,$0.07,2017-07-08 01:52:59.606742
Mountain (377),,10th Edition,L,$1.29,$0.24,$0.12,2017-07-08 01:52:59.606742
Mountain (378),,10th Edition,L,$0.79,$0.25,$0.16,2017-07-08 01:52:59.606742
Mountain (379),,10th Edition,L,$1.29,$0.25,$0.15,2017-07-08 01:52:59.606742
Nantuko Husk,2B,10th Edition,U,$0.94,$0.25,$0.08,2017-07-08 01:52:59.606742
Natural Spring,3GG,10th Edition,C,$1.14,$0.16,$0.04,2017-07-08 01:52:59.606742
Naturalize,1G,10th Edition,C,$0.94,$0.17,$0.05,2017-07-08 01:52:59.606742
Nekrataal,2BB,10th Edition,U,$1.00,$0.35,$0.10,2017-07-08 01:52:59.606742
Nightmare,5B,10th Edition,R,$1.37,$0.40,$0.13,2017-07-08 01:52:59.606742
No Rest for the Wicked,1B,10th Edition,U,$0.98,$0.26,$0.07,2017-07-08 01:52:59.606742
Nomad Mythmaker,2W,10th Edition,R,$3.35,$2.13,$1.14,2017-07-08 01:52:59.606742
Orcish Artillery,1RR,10th Edition,U,$0.98,$0.20,$0.07,2017-07-08 01:52:59.606742
Ornithopter,0,10th Edition,U,$1.22,$0.52,$0.16,2017-07-08 01:52:59.606742
Overgrowth,2G,10th Edition,C,$0.97,$0.35,$0.20,2017-07-08 01:52:59.606742
Overrun,2GGG,10th Edition,U,$1.27,$0.28,$0.09,2017-07-08 01:52:59.606742
Pacifism,1W,10th Edition,C,$1.17,$0.18,$0.05,2017-07-08 01:52:59.606742
Paladin en-Vec,1WW,10th Edition,R,$2.39,$1.11,$0.71,2017-07-08 01:52:59.606742
Pariah,2W,10th Edition,R,$4.48,$2.19,$0.68,2017-07-08 01:52:59.606742
Peek,U,10th Edition,C,$2.49,$0.59,$0.31,2017-07-08 01:52:59.606742
Persuasion,3UU,10th Edition,U,$1.29,$0.32,$0.10,2017-07-08 01:52:59.606742
Phage the Untouchable,3BBBB,10th Edition,R,$4.98,$2.09,$1.19,2017-07-08 01:52:59.606742
Phantom Warrior,1UU,10th Edition,U,$0.99,$0.24,$0.05,2017-07-08 01:52:59.606742
Phyrexian Rager,2B,10th Edition,C,$0.94,$0.18,$0.05,2017-07-08 01:52:59.606742
Phyrexian Vault,3,10th Edition,U,$1.18,$0.20,$0.05,2017-07-08 01:52:59.606742
Pincher Beetles,2G,10th Edition,C,$1.14,$0.16,$0.05,2017-07-08 01:52:59.606742
Pithing Needle,1,10th Edition,R,$5.49,$3.77,$1.90,2017-07-08 01:52:59.606742
Plagiarize,3U,10th Edition,R,$1.37,$0.38,$0.14,2017-07-08 01:52:59.606742
Plague Beetle,B,10th Edition,C,$1.14,$0.16,$0.05,2017-07-08 01:52:59.606742
Plague Wind,7BB,10th Edition,R,$3.97,$2.36,$1.64,2017-07-08 01:52:59.606742
Plains (364),,10th Edition,L,$0.53,$0.25,$0.13,2017-07-08 01:52:59.606742
Plains (365),,10th Edition,L,$0.55,$0.25,$0.12,2017-07-08 01:52:59.606742
Plains (366),,10th Edition,L,$0.74,$0.25,$0.17,2017-07-08 01:52:59.606742
Plains (367),,10th Edition,L,$0.98,$0.25,$0.18,2017-07-08 01:52:59.606742
Platinum Angel,7,10th Edition,R,$12.00,$5.50,$3.00,2017-07-08 01:52:59.606742
Primal Rage,1G,10th Edition,U,$3.25,$1.81,$1.00,2017-07-08 01:52:59.606742
Prodigal Pyromancer,2R,10th Edition,C,$1.14,$0.15,$0.05,2017-07-08 01:52:59.606742
Puppeteer,2U,10th Edition,U,$1.21,$0.23,$0.09,2017-07-08 01:52:59.606742
Pyroclasm,1R,10th Edition,U,$1.58,$0.61,$0.29,2017-07-08 01:52:59.606742
QA Test Card 3/24,56,10th Edition,C,,,,2017-07-08 01:52:59.606742
Quicksand,,10th Edition,U,$1.17,$0.21,$0.06,2017-07-08 01:52:59.606742
Quirion Dryad,1G,10th Edition,R,$1.57,$0.60,$0.20,2017-07-08 01:52:59.606742
Rage Weaver,1R,10th Edition,U,$1.17,$0.21,$0.06,2017-07-08 01:52:59.606742
Raging Goblin,R,10th Edition,C,$0.95,$0.19,$0.05,2017-07-08 01:52:59.606742
Rain of Tears,1BB,10th Edition,U,$1.24,$0.54,$0.38,2017-07-08 01:52:59.606742
Rampant Growth,1G,10th Edition,C,$0.97,$0.20,$0.05,2017-07-08 01:52:59.606742
Ravenous Rats,1B,10th Edition,C,$0.94,$0.18,$0.05,2017-07-08 01:52:59.606742
Razormane Masticore,5,10th Edition,R,$1.28,$0.32,$0.14,2017-07-08 01:52:59.606742
Recollect,2G,10th Edition,U,$1.22,$0.25,$0.09,2017-07-08 01:52:59.606742
Recover,2B,10th Edition,C,$1.15,$0.17,$0.06,2017-07-08 01:52:59.606742
Regeneration,1G,10th Edition,U,$0.98,$0.21,$0.06,2017-07-08 01:52:59.606742
Relentless Assault,2RR,10th Edition,R,$2.73,$0.73,$0.44,2017-07-08 01:52:59.606742
Relentless Rats,1BB,10th Edition,U,$3.35,$2.33,$1.80,2017-07-08 01:52:59.606742
Reminisce,2U,10th Edition,U,$0.99,$0.22,$0.05,2017-07-08 01:52:59.606742
Remove Soul,1U,10th Edition,C,$1.17,$0.19,$0.05,2017-07-08 01:52:59.606742
Reviving Dose,2W,10th Edition,C,$1.15,$0.17,$0.05,2017-07-08 01:52:59.606742
Reya Dawnbringer,6WWW,10th Edition,R,$5.14,$1.86,$0.99,2017-07-08 01:52:59.606742
Rhox,4GG,10th Edition,R,$1.50,$0.53,$0.16,2017-07-08 01:52:59.606742
Righteousness,W,10th Edition,R,$1.26,$0.50,$0.23,2017-07-08 01:52:59.606742
Robe of Mirrors,U,10th Edition,C,$0.94,$0.18,$0.05,2017-07-08 01:52:59.606742
Rock Badger,4R,10th Edition,C,$1.14,$0.16,$0.04,2017-07-08 01:52:59.606742
Rod of Ruin,4,10th Edition,U,$1.17,$0.19,$0.05,2017-07-08 01:52:59.606742
Root Maze,G,10th Edition,R,$2.97,$0.61,$0.30,2017-07-08 01:52:59.606742
Rootwalla,2G,10th Edition,C,$1.14,$0.15,$0.04,2017-07-08 01:52:59.606742
Rootwater Commando,2U,10th Edition,C,$1.14,$0.16,$0.05,2017-07-08 01:52:59.606742
Rootwater Matriarch,2UU,10th Edition,R,$1.40,$0.43,$0.24,2017-07-08 01:52:59.606742
Royal Assassin,1BB,10th Edition,R,$1.63,$0.80,$0.48,2017-07-08 01:52:59.606742
Rule of Law,2W,10th Edition,U,$2.15,$1.36,$0.71,2017-07-08 01:52:59.606742
Rushwood Dryad,1G,10th Edition,C,$1.15,$0.17,$0.05,2017-07-08 01:52:59.606742
Sage Owl,1U,10th Edition,C,$0.94,$0.15,$0.05,2017-07-08 01:52:59.606742
Samite Healer,1W,10th Edition,C,$1.13,$0.15,$0.04,2017-07-08 01:52:59.606742
Saproling Token,,10th Edition,T,$0.74,$0.26,$0.13,2017-07-08 01:52:59.606742
Scalpelexis,4U,10th Edition,R,$1.44,$0.45,$0.20,2017-07-08 01:52:59.606742
Scathe Zombies,2B,10th Edition,C,$1.14,$0.15,$0.03,2017-07-08 01:52:59.606742
Scion of the Wild,1GG,10th Edition,R,$1.38,$0.40,$0.12,2017-07-08 01:52:59.606742
Scoria Wurm,4R,10th Edition,R,$1.32,$0.35,$0.13,2017-07-08 01:52:59.606742
Sculpting Steel,3,10th Edition,R,$10.25,$7.78,$5.75,2017-07-08 01:52:59.606742
Sea Monster,4UU,10th Edition,C,$1.14,$0.15,$0.03,2017-07-08 01:52:59.606742
Seedborn Muse,3GG,10th Edition,R,$28.88,$23.51,$19.00,2017-07-08 01:52:59.606742
Seismic Assault,RRR,10th Edition,R,$11.92,$5.42,$3.99,2017-07-08 01:52:59.606742
Sengir Vampire,3BB,10th Edition,R,$1.46,$0.47,$0.14,2017-07-08 01:52:59.606742
Serra Angel,3WW,10th Edition,R,$1.00,$0.40,$0.14,2017-07-08 01:52:59.606742
Serra's Embrace,2WW,10th Edition,U,$0.98,$0.22,$0.04,2017-07-08 01:52:59.606742
Severed Legion,1BB,10th Edition,C,$1.15,$0.17,$0.05,2017-07-08 01:52:59.606742
Shatterstorm,2RR,10th Edition,U,$5.53,$3.19,$2.19,2017-07-08 01:52:59.606742
Shimmering Wings,U,10th Edition,C,$0.94,$0.17,$0.05,2017-07-08 01:52:59.606742
Shivan Dragon,4RR,10th Edition,R,$1.07,$0.35,$0.10,2017-07-08 01:52:59.606742
Shivan Hellkite,5RR,10th Edition,R,$1.48,$0.47,$0.15,2017-07-08 01:52:59.606742
Shivan Reef,,10th Edition,R,$7.07,$3.30,$1.90,2017-07-08 01:52:59.606742
Shock,R,10th Edition,C,$0.92,$0.19,$0.05,2017-07-08 01:52:59.606742
Shunt,1RR,10th Edition,R,$1.40,$0.37,$0.18,2017-07-08 01:52:59.606742
Siege-Gang Commander,3RR,10th Edition,R,$3.10,$2.04,$1.14,2017-07-08 01:52:59.606742
Sift,3U,10th Edition,C,$1.14,$0.15,$0.04,2017-07-08 01:52:59.606742
Sky Weaver,1U,10th Edition,U,$0.98,$0.20,$0.06,2017-07-08 01:52:59.606742
Skyhunter Patrol,2WW,10th Edition,C,$1.14,$0.15,$0.04,2017-07-08 01:52:59.606742
Skyhunter Prowler,2W,10th Edition,C,$1.15,$0.17,$0.05,2017-07-08 01:52:59.606742
Skyhunter Skirmisher,1WW,10th Edition,U,$1.24,$0.26,$0.07,2017-07-08 01:52:59.606742
Skyshroud Ranger,G,10th Edition,C,$0.94,$0.22,$0.08,2017-07-08 01:52:59.606742
Sleeper Agent,B,10th Edition,R,$1.53,$0.51,$0.17,2017-07-08 01:52:59.606742
Smash,2R,10th Edition,C,$1.14,$0.16,$0.05,2017-07-08 01:52:59.606742
Snapping Drake,3U,10th Edition,C,$1.14,$0.15,$0.04,2017-07-08 01:52:59.606742
Soldier Token,,10th Edition,T,$0.98,$0.26,$0.05,2017-07-08 01:52:59.606742
Soul Feast,3BB,10th Edition,U,$0.98,$0.20,$0.05,2017-07-08 01:52:59.606742
Soul Warden,W,10th Edition,U,$2.25,$1.10,$0.48,2017-07-08 01:52:59.606742
Soulblast,3RRR,10th Edition,R,$1.38,$0.41,$0.18,2017-07-08 01:52:59.606742
Spark Elemental,R,10th Edition,U,$2.50,$0.79,$0.38,2017-07-08 01:52:59.606742
Spawning Pool,,10th Edition,U,$1.49,$0.38,$0.24,2017-07-08 01:52:59.606742
Spellbook,0,10th Edition,U,$1.54,$0.73,$0.28,2017-07-08 01:52:59.606742
Spiketail Hatchling,1U,10th Edition,U,$0.98,$0.23,$0.08,2017-07-08 01:52:59.606742
Spined Wurm,4G,10th Edition,C,$1.14,$0.16,$0.04,2017-07-08 01:52:59.606742
Spineless Thug,1B,10th Edition,C,$1.14,$0.15,$0.04,2017-07-08 01:52:59.606742
Spirit Link,W,10th Edition,U,$2.94,$1.28,$0.60,2017-07-08 01:52:59.606742
Spirit Weaver,1W,10th Edition,U,$1.17,$0.20,$0.04,2017-07-08 01:52:59.606742
Spitting Earth,1R,10th Edition,C,$1.15,$0.16,$0.05,2017-07-08 01:52:59.606742
"Squee, Goblin Nabob",2R,10th Edition,R,$6.00,$3.47,$2.08,2017-07-08 01:52:59.606742
Staging Check Nov 5th,2,10th Edition,C,,,,2017-07-08 01:52:59.606742
Stalking Tiger,3G,10th Edition,C,$1.14,$0.16,$0.05,2017-07-08 01:52:59.606742
Stampeding Wildebeests,2GG,10th Edition,U,$1.17,$0.20,$0.05,2017-07-08 01:52:59.606742
Starlight Invoker,1W,10th Edition,U,$0.98,$0.19,$0.06,2017-07-08 01:52:59.606742
Steadfast Guard,WW,10th Edition,C,$1.15,$0.17,$0.05,2017-07-08 01:52:59.606742
Steel Golem,3,10th Edition,U,$1.45,$0.41,$0.07,2017-07-08 01:52:59.606742
Story Circle,1WW,10th Edition,R,$2.42,$1.69,$0.87,2017-07-08 01:52:59.606742
Stronghold Discipline,2BB,10th Edition,U,$2.77,$0.20,$0.07,2017-07-08 01:52:59.606742
Stun,1R,10th Edition,C,$1.15,$0.16,$0.05,2017-07-08 01:52:59.606742
Sudden Impact,3R,10th Edition,U,$0.98,$0.21,$0.06,2017-07-08 01:52:59.606742
Sulfurous Springs,,10th Edition,R,$8.39,$5.91,$4.75,2017-07-08 01:52:59.606742
Sunken Hope,3UU,10th Edition,R,$1.30,$0.32,$0.13,2017-07-08 01:52:59.606742
Suntail Hawk,W,10th Edition,C,$1.14,$0.15,$0.05,2017-07-08 01:52:59.606742
Swamp (372),,10th Edition,L,$0.54,$0.25,$0.11,2017-07-08 01:52:59.606742
Swamp (373),,10th Edition,L,$0.48,$0.22,$0.10,2017-07-08 01:52:59.606742
Swamp (374),,10th Edition,L,$0.74,$0.25,$0.10,2017-07-08 01:52:59.606742
Swamp (375),,10th Edition,L,$0.98,$0.25,$0.14,2017-07-08 01:52:59.606742
Sylvan Basilisk,3GG,10th Edition,U,$1.01,$0.28,$0.09,2017-07-08 01:52:59.606742
Sylvan Scrying,1G,10th Edition,U,$5.15,$1.34,$0.39,2017-07-08 01:52:59.606742
Tangle Spider,4GG,10th Edition,U,$0.98,$0.19,$0.06,2017-07-08 01:52:59.606742
Telepathy,U,10th Edition,U,$1.02,$0.29,$0.10,2017-07-08 01:52:59.606742
Telling Time,1U,10th Edition,U,$2.99,$0.58,$0.20,2017-07-08 01:52:59.606742
Tempest of Light,2W,10th Edition,U,$1.17,$0.20,$0.04,2017-07-08 01:52:59.606742
Terramorphic Expanse,,10th Edition,C,$0.95,$0.19,$0.05,2017-07-08 01:52:59.606742
Terror,1B,10th Edition,C,$1.18,$0.21,$0.05,2017-07-08 01:52:59.606742
The Hive,5,10th Edition,R,$1.28,$0.30,$0.10,2017-07-08 01:52:59.606742
Thieving Magpie,2UU,10th Edition,U,$1.21,$0.23,$0.07,2017-07-08 01:52:59.606742
Threaten,2R,10th Edition,U,$1.19,$0.22,$0.10,2017-07-08 01:52:59.606742
Thrull Surgeon,1B,10th Edition,U,$1.18,$0.20,$0.07,2017-07-08 01:52:59.606742
Thundering Giant,3RR,10th Edition,U,$1.17,$0.19,$0.05,2017-07-08 01:52:59.606742
Tidings,3UU,10th Edition,U,$1.05,$0.32,$0.10,2017-07-08 01:52:59.606742
Time Stop,4UU,10th Edition,R,$5.39,$3.19,$1.80,2017-07-08 01:52:59.606742
Time Stretch,8UU,10th Edition,R,$16.79,$12.10,$8.90,2017-07-08 01:52:59.606742
Traumatize,3UU,10th Edition,R,$3.03,$1.98,$1.01,2017-07-08 01:52:59.606742
Treasure Hunter,2W,10th Edition,U,$1.15,$0.20,$0.09,2017-07-08 01:52:59.606742
Treetop Bracers,1G,10th Edition,C,$1.15,$0.17,$0.05,2017-07-08 01:52:59.606742
Treetop Village,,10th Edition,U,$4.00,$1.99,$0.51,2017-07-08 01:52:59.606742
Troll Ascetic,1GG,10th Edition,R,$1.99,$0.76,$0.29,2017-07-08 01:52:59.606742
True Believer,WW,10th Edition,R,$2.44,$1.57,$0.83,2017-07-08 01:52:59.606742
Tundra Wolves,W,10th Edition,C,$1.15,$0.17,$0.05,2017-07-08 01:52:59.606742
Twincast,UU,10th Edition,R,$4.97,$2.86,$1.71,2017-07-08 01:52:59.606742
Twitch,2U,10th Edition,C,$1.14,$0.16,$0.05,2017-07-08 01:52:59.606742
Uncontrollable Anger,2RR,10th Edition,C,$1.15,$0.16,$0.01,2017-07-08 01:52:59.606742
Underground River,,10th Edition,R,$7.29,$4.95,$2.84,2017-07-08 01:52:59.606742
Underworld Dreams,BBB,10th Edition,R,$4.28,$3.29,$1.90,2017-07-08 01:52:59.606742
Unholy Strength,B,10th Edition,C,$1.14,$0.15,$0.04,2017-07-08 01:52:59.606742
Unsummon,U,10th Edition,C,$0.94,$0.17,$0.05,2017-07-08 01:52:59.606742
Upwelling,3G,10th Edition,R,$1.59,$0.63,$0.40,2017-07-08 01:52:59.606742
Vampire Bats,B,10th Edition,C,$1.15,$0.16,$0.05,2017-07-08 01:52:59.606742
Vedalken Mastermind,UU,10th Edition,U,$1.08,$0.37,$0.24,2017-07-08 01:52:59.606742
Venerable Monk,2W,10th Edition,C,$1.14,$0.15,$0.04,2017-07-08 01:52:59.606742
Verdant Force,5GGG,10th Edition,R,$1.99,$0.75,$0.24,2017-07-08 01:52:59.606742
Viashino Runner,3R,10th Edition,C,$1.14,$0.16,$0.05,2017-07-08 01:52:59.606742
Viashino Sandscout,1R,10th Edition,C,$1.15,$0.17,$0.05,2017-07-08 01:52:59.606742
Viridian Shaman,2G,10th Edition,U,$1.18,$0.22,$0.06,2017-07-08 01:52:59.606742
Voice of All,2WW,10th Edition,R,$2.00,$0.61,$0.29,2017-07-08 01:52:59.606742
Wall of Air,1UU,10th Edition,U,$1.02,$0.30,$0.11,2017-07-08 01:52:59.606742
Wall of Fire,1RR,10th Edition,U,$0.94,$0.20,$0.05,2017-07-08 01:52:59.606742
Wall of Swords,3W,10th Edition,U,$0.98,$0.22,$0.09,2017-07-08 01:52:59.606742
Wall of Wood,G,10th Edition,C,$1.15,$0.16,$0.05,2017-07-08 01:52:59.606742
Warp World,5RRR,10th Edition,R,$1.51,$0.56,$0.25,2017-07-08 01:52:59.606742
Warrior's Honor,2W,10th Edition,C,$1.14,$0.16,$0.01,2017-07-08 01:52:59.606742
Wasp Token,,10th Edition,T,$0.98,$0.25,$0.05,2017-07-08 01:52:59.606742
Whispersilk Cloak,3,10th Edition,U,$1.25,$0.71,$0.48,2017-07-08 01:52:59.606742
Wild Griffin,2W,10th Edition,C,$1.14,$0.16,$0.01,2017-07-08 01:52:59.606742
Windborn Muse,3W,10th Edition,R,$4.51,$2.61,$1.50,2017-07-08 01:52:59.606742
Wrath of God,2WW,10th Edition,R,$10.03,$7.02,$5.00,2017-07-08 01:52:59.606742
Wurm's Tooth,2,10th Edition,U,$1.17,$0.20,$0.08,2017-07-08 01:52:59.606742
Yavimaya Coast,,10th Edition,R,$4.99,$2.69,$1.40,2017-07-08 01:52:59.606742
Yavimaya Enchantress,2G,10th Edition,U,$0.63,$0.29,$0.10,2017-07-08 01:52:59.606742
Youthful Knight,1W,10th Edition,C,$1.15,$0.16,$0.05,2017-07-08 01:52:59.606742
Zombie Token,,10th Edition,T,$1.48,$0.67,$0.48,2017-07-08 01:52:59.606742
Abyssal Horror,4BB,7th Edition,R,$1.09,$0.35,$0.11,2017-07-08 02:01:06.307845
Abyssal Specter,2BB,7th Edition,U,$1.24,$0.25,$0.10,2017-07-08 02:01:06.307845
Adarkar Wastes,,7th Edition,R,$10.66,$6.90,$4.00,2017-07-08 02:01:06.307845
Aether Flash,2RR,7th Edition,U,$1.06,$0.35,$0.10,2017-07-08 02:01:06.307845
Agonizing Memories,2BB,7th Edition,U,$1.18,$0.20,$0.06,2017-07-08 02:01:06.307845
Air Elemental,3UU,7th Edition,U,$1.20,$0.22,$0.05,2017-07-08 02:01:06.307845
Aladdin's Ring,8,7th Edition,R,$1.07,$0.31,$0.12,2017-07-08 02:01:06.307845
Anaconda,3G,7th Edition,U,$1.17,$0.20,$0.08,2017-07-08 02:01:06.307845
Ancestral Memories,2UUU,7th Edition,R,$1.28,$0.29,$0.11,2017-07-08 02:01:06.307845
Ancient Silverback,4GG,7th Edition,R,$1.36,$0.39,$0.11,2017-07-08 02:01:06.307845
Angelic Page,1W,7th Edition,C,$1.17,$0.18,$0.05,2017-07-08 02:01:06.307845
Arcane Laboratory,2U,7th Edition,U,$1.49,$0.67,$0.43,2017-07-08 02:01:06.307845
Archivist,2UU,7th Edition,R,$1.33,$0.36,$0.22,2017-07-08 02:01:06.307845
Ardent Militia,4W,7th Edition,U,$1.23,$0.24,$0.09,2017-07-08 02:01:06.307845
Balduvian Barbarians,1RR,7th Edition,C,$1.15,$0.17,$0.04,2017-07-08 02:01:06.307845
Baleful Stare,2U,7th Edition,U,$1.20,$0.21,$0.06,2017-07-08 02:01:06.307845
Beast of Burden,6,7th Edition,R,$1.35,$0.35,$0.16,2017-07-08 02:01:06.307845
Bedlam,2RR,7th Edition,R,$1.19,$0.48,$0.24,2017-07-08 02:01:06.307845
Befoul,2BB,7th Edition,U,$1.20,$0.21,$0.09,2017-07-08 02:01:06.307845
Bellowing Fiend,4B,7th Edition,R,$1.32,$0.32,$0.10,2017-07-08 02:01:06.307845
Benthic Behemoth,5UUU,7th Edition,R,$1.31,$0.35,$0.19,2017-07-08 02:01:06.307845
Bereavement,1B,7th Edition,U,$1.17,$0.20,$0.08,2017-07-08 02:01:06.307845
Birds of Paradise,G,7th Edition,R,$13.19,$8.95,$6.59,2017-07-08 02:01:06.307845
Blanchwood Armor,2G,7th Edition,U,$1.29,$0.33,$0.10,2017-07-08 02:01:06.307845
Blaze,XR,7th Edition,U,$0.94,$0.28,$0.10,2017-07-08 02:01:06.307845
Blessed Reversal,1W,7th Edition,R,$1.09,$0.36,$0.19,2017-07-08 02:01:06.307845
Blood Pet,B,7th Edition,C,$1.16,$0.19,$0.05,2017-07-08 02:01:06.307845
Bloodshot Cyclops,5R,7th Edition,R,$1.07,$0.34,$0.11,2017-07-08 02:01:06.307845
Bog Imp,1B,7th Edition,C,$1.15,$0.17,$0.05,2017-07-08 02:01:06.307845
Bog Wraith,3B,7th Edition,U,$1.18,$0.20,$0.06,2017-07-08 02:01:06.307845
Boil,3R,7th Edition,U,$1.92,$0.68,$0.30,2017-07-08 02:01:06.307845
Boomerang,UU,7th Edition,C,$1.16,$0.18,$0.05,2017-07-08 02:01:06.307845
Breath of Life,3W,7th Edition,U,$1.08,$0.39,$0.19,2017-07-08 02:01:06.307845
Brushland,,7th Edition,R,$25.00,$10.74,$8.90,2017-07-08 02:01:06.307845
Bull Hippo,3G,7th Edition,U,$1.18,$0.20,$0.05,2017-07-08 02:01:06.307845
Caltrops,3,7th Edition,U,$1.44,$0.33,$0.10,2017-07-08 02:01:06.307845
Canopy Spider,1G,7th Edition,C,$1.15,$0.17,$0.05,2017-07-08 02:01:06.307845
Castle,3W,7th Edition,U,$1.17,$0.20,$0.05,2017-07-08 02:01:06.307845
Charcoal Diamond,2,7th Edition,U,$1.23,$0.26,$0.10,2017-07-08 02:01:06.307845
Circle of Protection: Black,1W,7th Edition,C,$0.50,$0.15,$0.10,2017-07-08 02:01:06.307845
Circle of Protection: Blue,1W,7th Edition,C,$0.50,$0.13,$0.06,2017-07-08 02:01:06.307845
Circle of Protection: Green,1W,7th Edition,C,$1.00,$0.18,$0.08,2017-07-08 02:01:06.307845
Circle of Protection: Red,1W,7th Edition,C,$1.00,$0.25,$0.10,2017-07-08 02:01:06.307845
Circle of Protection: White,1W,7th Edition,C,$0.33,$0.10,$0.05,2017-07-08 02:01:06.307845
City of Brass,,7th Edition,R,$6.68,$4.27,$2.61,2017-07-08 02:01:06.307845
Cloudchaser Eagle,3W,7th Edition,C,$1.16,$0.18,$0.05,2017-07-08 02:01:06.307845
Coat of Arms,5,7th Edition,R,$10.99,$8.00,$5.00,2017-07-08 02:01:06.307845
Compost,1G,7th Edition,U,$1.19,$0.22,$0.10,2017-07-08 02:01:06.307845
Confiscate,4UU,7th Edition,U,$1.23,$0.25,$0.10,2017-07-08 02:01:06.307845
Coral Merfolk,1U,7th Edition,C,$1.15,$0.16,$0.05,2017-07-08 02:01:06.307845
Corrupt,5B,7th Edition,C,$0.95,$0.19,$0.05,2017-07-08 02:01:06.307845
Counterspell,UU,7th Edition,C,$2.48,$1.20,$0.80,2017-07-08 02:01:06.307845
Creeping Mold,2GG,7th Edition,U,$1.18,$0.20,$0.08,2017-07-08 02:01:06.307845
Crimson Hellkite,6RRR,7th Edition,R,$1.90,$0.57,$0.21,2017-07-08 02:01:06.307845
Crossbow Infantry,1W,7th Edition,C,$1.15,$0.17,$0.05,2017-07-08 02:01:06.307845
Crypt Rats,2B,7th Edition,U,$1.45,$0.71,$0.49,2017-07-08 02:01:06.307845
Crystal Rod,1,7th Edition,U,$1.17,$0.20,$0.05,2017-07-08 02:01:06.307845
Dakmor Lancer,4BB,7th Edition,U,$1.17,$0.20,$0.07,2017-07-08 02:01:06.307845
Daring Apprentice,1UU,7th Edition,R,$1.28,$0.30,$0.11,2017-07-08 02:01:06.307845
Dark Banishing,2B,7th Edition,C,$1.15,$0.18,$0.05,2017-07-08 02:01:06.307845
Darkest Hour,B,7th Edition,R,$4.00,$1.84,$1.24,2017-07-08 02:01:06.307845
Deflection,3U,7th Edition,R,$1.32,$0.33,$0.14,2017-07-08 02:01:06.307845
Delusions of Mediocrity,3U,7th Edition,R,$1.45,$0.48,$0.22,2017-07-08 02:01:06.307845
Dingus Egg,4,7th Edition,R,$1.11,$0.38,$0.13,2017-07-08 02:01:06.307845
Disenchant,1W,7th Edition,C,$0.95,$0.19,$0.05,2017-07-08 02:01:06.307845
Disorder,1R,7th Edition,U,$1.17,$0.20,$0.06,2017-07-08 02:01:06.307845
Disrupting Scepter,3,7th Edition,R,$1.29,$0.33,$0.12,2017-07-08 02:01:06.307845
Dregs of Sorrow,X4B,7th Edition,R,$1.62,$0.64,$0.28,2017-07-08 02:01:06.307845
Drudge Skeletons,1B,7th Edition,C,$1.15,$0.17,$0.05,2017-07-08 02:01:06.307845
Duress,B,7th Edition,C,$1.00,$0.28,$0.15,2017-07-08 02:01:06.307845
Eager Cadet,W,7th Edition,C,$1.16,$0.17,$0.05,2017-07-08 02:01:06.307845
Early Harvest,1GG,7th Edition,R,$1.94,$0.68,$0.35,2017-07-08 02:01:06.307845
Earthquake,XR,7th Edition,R,$2.00,$0.55,$0.24,2017-07-08 02:01:06.307845
Eastern Paladin,2BB,7th Edition,R,$1.32,$0.38,$0.22,2017-07-08 02:01:06.307845
Elder Druid,3G,7th Edition,R,$1.31,$0.33,$0.14,2017-07-08 02:01:06.307845
Elite Archers,5W,7th Edition,R,$1.29,$0.33,$0.13,2017-07-08 02:01:06.307845
Elvish Archers,1G,7th Edition,R,$1.21,$0.49,$0.24,2017-07-08 02:01:06.307845
Elvish Champion,1GG,7th Edition,R,$5.56,$4.96,$4.00,2017-07-08 02:01:06.307845
Elvish Lyrist,G,7th Edition,U,$1.18,$0.21,$0.09,2017-07-08 02:01:06.307845
Elvish Piper,3G,7th Edition,R,$8.79,$7.18,$5.00,2017-07-08 02:01:06.307845
Engineered Plague,2B,7th Edition,U,$1.79,$0.59,$0.22,2017-07-08 02:01:06.307845
Ensnaring Bridge,3,7th Edition,R,$55.83,$41.59,$30.00,2017-07-08 02:01:06.307845
Equilibrium,1UU,7th Edition,R,$2.82,$1.92,$1.55,2017-07-08 02:01:06.307845
Evacuation,3UU,7th Edition,R,$2.50,$1.55,$0.56,2017-07-08 02:01:06.307845
Fallen Angel,3BB,7th Edition,R,$10.00,$0.32,$0.14,2017-07-08 02:01:06.307845
Familiar Ground,2G,7th Edition,U,$1.17,$0.20,$0.06,2017-07-08 02:01:06.307845
Fear,BB,7th Edition,C,$1.15,$0.18,$0.05,2017-07-08 02:01:06.307845
Femeref Archers,2G,7th Edition,U,$0.98,$0.19,$0.08,2017-07-08 02:01:06.307845
Feroz's Ban,6,7th Edition,R,$1.09,$0.32,$0.10,2017-07-08 02:01:06.307845
Fervor,2R,7th Edition,R,$1.66,$0.75,$0.45,2017-07-08 02:01:06.307845
Fighting Drake,2UU,7th Edition,U,$1.17,$0.20,$0.05,2017-07-08 02:01:06.307845
Final Fortune,RR,7th Edition,R,$3.82,$1.16,$0.78,2017-07-08 02:01:06.307845
Fire Diamond,2,7th Edition,U,$1.07,$0.34,$0.10,2017-07-08 02:01:06.307845
Fire Elemental,3RR,7th Edition,U,$1.16,$0.19,$0.07,2017-07-08 02:01:06.307845
Fleeting Image,2U,7th Edition,R,$1.32,$0.34,$0.13,2017-07-08 02:01:06.307845
Flight,U,7th Edition,C,$1.15,$0.16,$0.05,2017-07-08 02:01:06.307845
Flying Carpet,4,7th Edition,R,$1.07,$0.32,$0.10,2017-07-08 02:01:06.307845
Fog,G,7th Edition,C,$0.94,$0.19,$0.05,2017-07-08 02:01:06.307845
Force Spike,U,7th Edition,C,$3.00,$0.22,$0.05,2017-07-08 02:01:06.307845
Forest (328),,7th Edition,L,$0.53,$0.23,$0.11,2017-07-08 02:01:06.307845
Forest (329),,7th Edition,L,$0.61,$0.25,$0.19,2017-07-08 02:01:06.307845
Forest (330),,7th Edition,L,$0.74,$0.25,$0.20,2017-07-08 02:01:06.307845
Forest (331),,7th Edition,L,$0.98,$0.29,$0.19,2017-07-08 02:01:06.307845
Foul Imp,BB,7th Edition,U,$0.98,$0.20,$0.08,2017-07-08 02:01:06.307845
Fugue,3BB,7th Edition,U,$1.18,$0.21,$0.05,2017-07-08 02:01:06.307845
Fyndhorn Elder,2G,7th Edition,U,$0.98,$0.25,$0.10,2017-07-08 02:01:06.307845
Gang of Elk,5G,7th Edition,U,$1.17,$0.19,$0.04,2017-07-08 02:01:06.307845
Gerrard's Wisdom,2WW,7th Edition,U,$1.17,$0.19,$0.04,2017-07-08 02:01:06.307845
Ghitu Fire-Eater,2R,7th Edition,U,$1.17,$0.19,$0.05,2017-07-08 02:01:06.307845
Giant Cockroach,3B,7th Edition,C,$1.15,$0.17,$0.05,2017-07-08 02:01:06.307845
Giant Growth,G,7th Edition,C,$0.94,$0.19,$0.05,2017-07-08 02:01:06.307845
Giant Octopus,3U,7th Edition,C,$1.14,$0.15,$0.05,2017-07-08 02:01:06.307845
Giant Spider,3G,7th Edition,C,$1.15,$0.17,$0.05,2017-07-08 02:01:06.307845
Glacial Wall,2U,7th Edition,U,$1.17,$0.20,$0.05,2017-07-08 02:01:06.307845
Glorious Anthem,1WW,7th Edition,R,$1.98,$0.92,$0.49,2017-07-08 02:01:06.307845
Goblin Chariot,2R,7th Edition,C,$1.15,$0.17,$0.05,2017-07-08 02:01:06.307845
Goblin Digging Team,R,7th Edition,C,$1.15,$0.17,$0.05,2017-07-08 02:01:06.307845
Goblin Elite Infantry,1R,7th Edition,C,$1.15,$0.17,$0.05,2017-07-08 02:01:06.307845
Goblin Gardener,3R,7th Edition,C,$1.16,$0.18,$0.05,2017-07-08 02:01:06.307845
Goblin Glider,1R,7th Edition,U,$0.98,$0.18,$0.05,2017-07-08 02:01:06.307845
Goblin King,1RR,7th Edition,R,$4.22,$1.50,$0.49,2017-07-08 02:01:06.307845
Goblin Matron,2R,7th Edition,U,$1.59,$0.68,$0.40,2017-07-08 02:01:06.307845
Goblin Raider,1R,7th Edition,C,$1.15,$0.16,$0.05,2017-07-08 02:01:06.307845
Goblin Spelunkers,2R,7th Edition,C,$1.15,$0.17,$0.05,2017-07-08 02:01:06.307845
Goblin War Drums,2R,7th Edition,U,$0.98,$0.30,$0.10,2017-07-08 02:01:06.307845
Gorilla Chieftain,2GG,7th Edition,C,$1.16,$0.18,$0.05,2017-07-08 02:01:06.307845
Grafted Skullcap,4,7th Edition,R,$1.31,$0.35,$0.20,2017-07-08 02:01:06.307845
Granite Grip,2R,7th Edition,C,$1.15,$0.17,$0.05,2017-07-08 02:01:06.307845
Grapeshot Catapult,4,7th Edition,U,$1.18,$0.20,$0.05,2017-07-08 02:01:06.307845
Gravedigger,3B,7th Edition,C,$1.15,$0.17,$0.05,2017-07-08 02:01:06.307845
Greed,3B,7th Edition,R,$1.46,$0.53,$0.25,2017-07-08 02:01:06.307845
Grizzly Bears,1G,7th Edition,C,$0.94,$0.17,$0.05,2017-07-08 02:01:06.307845
Healing Salve,W,7th Edition,C,$1.15,$0.16,$0.05,2017-07-08 02:01:06.307845
Heavy Ballista,3W,7th Edition,U,$1.17,$0.20,$0.07,2017-07-08 02:01:06.307845
Hibernation,2U,7th Edition,U,$2.00,$0.42,$0.22,2017-07-08 02:01:06.307845
Hill Giant,3R,7th Edition,C,$1.15,$0.17,$0.05,2017-07-08 02:01:06.307845
Hollow Dogs,4B,7th Edition,C,$1.15,$0.17,$0.05,2017-07-08 02:01:06.307845
Holy Strength,W,7th Edition,C,$1.15,$0.16,$0.05,2017-07-08 02:01:06.307845
Honor Guard,W,7th Edition,C,$1.15,$0.17,$0.04,2017-07-08 02:01:06.307845
Horned Turtle,2U,7th Edition,C,$1.15,$0.17,$0.05,2017-07-08 02:01:06.307845
Howl from Beyond,XB,7th Edition,C,$1.15,$0.18,$0.05,2017-07-08 02:01:06.307845
Howling Mine,2,7th Edition,R,$10.13,$2.99,$1.26,2017-07-08 02:01:06.307845
Hurricane,XG,7th Edition,R,$1.07,$0.32,$0.14,2017-07-08 02:01:06.307845
Impatience,2R,7th Edition,R,$1.45,$0.34,$0.13,2017-07-08 02:01:06.307845
Infernal Contract,BBB,7th Edition,R,$1.23,$0.49,$0.29,2017-07-08 02:01:06.307845
Inferno,5RR,7th Edition,R,$1.07,$0.34,$0.22,2017-07-08 02:01:06.307845
Inspiration,3U,7th Edition,C,$1.15,$0.18,$0.05,2017-07-08 02:01:06.307845
Intrepid Hero,2W,7th Edition,R,$1.84,$0.98,$0.72,2017-07-08 02:01:06.307845
Iron Star,1,7th Edition,U,$1.17,$0.20,$0.08,2017-07-08 02:01:06.307845
Island (332),,7th Edition,L,$0.62,$0.25,$0.12,2017-07-08 02:01:06.307845
Island (333),,7th Edition,L,$0.62,$0.26,$0.13,2017-07-08 02:01:06.307845
Island (334),,7th Edition,L,$0.74,$0.29,$0.16,2017-07-08 02:01:06.307845
Island (335),,7th Edition,L,$1.79,$0.26,$0.18,2017-07-08 02:01:06.307845
Ivory Cup,1,7th Edition,U,$1.17,$0.20,$0.04,2017-07-08 02:01:06.307845
Jalum Tome,3,7th Edition,R,$1.29,$0.32,$0.14,2017-07-08 02:01:06.307845
Jandor's Saddlebags,2,7th Edition,R,$1.30,$0.32,$0.16,2017-07-08 02:01:06.307845
Jayemdae Tome,4,7th Edition,R,$1.31,$0.32,$0.11,2017-07-08 02:01:06.307845
Karplusan Forest,,7th Edition,R,$9.10,$5.72,$2.23,2017-07-08 02:01:06.307845
Kjeldoran Royal Guard,3WW,7th Edition,R,$1.07,$0.32,$0.11,2017-07-08 02:01:06.307845
Knight Errant,1W,7th Edition,C,$1.15,$0.17,$0.05,2017-07-08 02:01:06.307845
Knighthood,2W,7th Edition,U,$1.02,$0.29,$0.10,2017-07-08 02:01:06.307845
Lava Axe,4R,7th Edition,C,$1.15,$0.17,$0.05,2017-07-08 02:01:06.307845
Leshrac's Rite,B,7th Edition,U,$1.17,$0.20,$0.08,2017-07-08 02:01:06.307845
Levitation,2UU,7th Edition,U,$0.99,$0.25,$0.10,2017-07-08 02:01:06.307845
Lightning Blast,3R,7th Edition,C,$1.15,$0.16,$0.05,2017-07-08 02:01:06.307845
Lightning Elemental,3R,7th Edition,C,$1.14,$0.16,$0.05,2017-07-08 02:01:06.307845
Llanowar Elves,G,7th Edition,C,$1.00,$0.21,$0.10,2017-07-08 02:01:06.307845
Lone Wolf,2G,7th Edition,C,$1.00,$0.19,$0.05,2017-07-08 02:01:06.307845
Longbow Archer,WW,7th Edition,U,$1.00,$0.25,$0.05,2017-07-08 02:01:06.307845
Looming Shade,2B,7th Edition,C,$1.15,$0.17,$0.05,2017-07-08 02:01:06.307845
Lord of Atlantis,UU,7th Edition,R,$8.40,$5.11,$3.61,2017-07-08 02:01:06.307845
Lure,1GG,7th Edition,U,$0.98,$0.20,$0.07,2017-07-08 02:01:06.307845
Mahamoti Djinn,4UU,7th Edition,R,$1.30,$0.30,$0.17,2017-07-08 02:01:06.307845
Mana Breach,2U,7th Edition,U,$1.18,$0.23,$0.10,2017-07-08 02:01:06.307845
Mana Clash,R,7th Edition,R,$1.37,$0.38,$0.24,2017-07-08 02:01:06.307845
Mana Short,2U,7th Edition,R,$1.68,$0.85,$0.50,2017-07-08 02:01:06.307845
Marble Diamond,2,7th Edition,U,$1.24,$0.25,$0.10,2017-07-08 02:01:06.307845
Maro,2GG,7th Edition,R,$1.07,$0.32,$0.12,2017-07-08 02:01:06.307845
Master Healer,4W,7th Edition,R,$1.28,$0.30,$0.11,2017-07-08 02:01:06.307845
Mawcor,3UU,7th Edition,R,$1.29,$0.32,$0.13,2017-07-08 02:01:06.307845
Meekstone,1,7th Edition,R,$4.78,$2.98,$1.89,2017-07-08 02:01:06.307845
Megrim,2B,7th Edition,U,$2.00,$0.39,$0.18,2017-07-08 02:01:06.307845
Memory Lapse,1U,7th Edition,C,$1.14,$0.18,$0.05,2017-07-08 02:01:06.307845
Merfolk Looter,1U,7th Edition,U,$2.00,$0.24,$0.10,2017-07-08 02:01:06.307845
Merfolk of the Pearl Trident,U,7th Edition,C,$1.14,$0.16,$0.05,2017-07-08 02:01:06.307845
Might of Oaks,3G,7th Edition,R,$1.09,$0.39,$0.22,2017-07-08 02:01:06.307845
Millstone,2,7th Edition,R,$1.33,$0.37,$0.14,2017-07-08 02:01:06.307845
Mind Rot,2B,7th Edition,C,$1.15,$0.17,$0.05,2017-07-08 02:01:06.307845
Monstrous Growth,1G,7th Edition,C,$0.94,$0.17,$0.05,2017-07-08 02:01:06.307845
Moss Diamond,2,7th Edition,U,$1.24,$0.25,$0.10,2017-07-08 02:01:06.307845
Mountain (337),,7th Edition,L,$0.53,$0.22,$0.05,2017-07-08 02:01:06.307845
Mountain (338),,7th Edition,L,$0.69,$0.25,$0.18,2017-07-08 02:01:06.307845
Mountain (339),,7th Edition,L,$0.74,$0.22,$0.11,2017-07-08 02:01:06.307845
Mountain (340),,7th Edition,L,$0.98,$0.25,$0.18,2017-07-08 02:01:06.307845
Nature's Resurgence,2GG,7th Edition,R,$1.28,$0.32,$0.18,2017-07-08 02:01:06.307845
Nature's Revolt,3GG,7th Edition,R,$1.12,$0.44,$0.29,2017-07-08 02:01:06.307845
Nausea,1B,7th Edition,C,$1.16,$0.18,$0.04,2017-07-08 02:01:06.307845
Necrologia,3BB,7th Edition,U,$1.24,$0.26,$0.10,2017-07-08 02:01:06.307845
Nightmare,5B,7th Edition,R,$1.07,$0.38,$0.14,2017-07-08 02:01:06.307845
Nocturnal Raid,2BB,7th Edition,U,$1.17,$0.21,$0.05,2017-07-08 02:01:06.307845
Northern Paladin,2WW,7th Edition,R,$1.56,$0.63,$0.20,2017-07-08 02:01:06.307845
Ogre Taskmaster,3R,7th Edition,U,$1.17,$0.19,$0.05,2017-07-08 02:01:06.307845
Okk,1R,7th Edition,R,$1.30,$0.34,$0.12,2017-07-08 02:01:06.307845
Opportunity,4UU,7th Edition,U,$2.00,$0.24,$0.09,2017-07-08 02:01:06.307845
Opposition,2UU,7th Edition,R,$4.99,$3.65,$3.25,2017-07-08 02:01:06.307845
Oppression,1BB,7th Edition,R,$1.99,$1.50,$0.86,2017-07-08 02:01:06.307845
Orcish Artillery,1RR,7th Edition,U,$1.18,$0.20,$0.07,2017-07-08 02:01:06.307845
Orcish Oriflamme,3R,7th Edition,U,$1.18,$0.19,$0.07,2017-07-08 02:01:06.307845
Ostracize,B,7th Edition,C,$1.15,$0.17,$0.05,2017-07-08 02:01:06.307845
Pacifism,1W,7th Edition,C,$0.94,$0.17,$0.05,2017-07-08 02:01:06.307845
Pariah,2W,7th Edition,R,$4.97,$2.10,$0.91,2017-07-08 02:01:06.307845
Patagia Golem,4,7th Edition,U,$1.16,$0.18,$0.06,2017-07-08 02:01:06.307845
Persecute,2BB,7th Edition,R,$2.50,$0.68,$0.39,2017-07-08 02:01:06.307845
Phantom Warrior,1UU,7th Edition,U,$0.98,$0.20,$0.05,2017-07-08 02:01:06.307845
Phyrexian Colossus,7,7th Edition,R,$1.31,$0.35,$0.11,2017-07-08 02:01:06.307845
Phyrexian Hulk,6,7th Edition,U,$1.16,$0.19,$0.05,2017-07-08 02:01:06.307845
Pillage,1RR,7th Edition,U,$1.01,$0.32,$0.14,2017-07-08 02:01:06.307845
Pit Trap,2,7th Edition,U,$1.17,$0.20,$0.06,2017-07-08 02:01:06.307845
Plague Beetle,B,7th Edition,C,$1.15,$0.17,$0.05,2017-07-08 02:01:06.307845
Plains (341),,7th Edition,L,$0.54,$0.23,$0.11,2017-07-08 02:01:06.307845
Plains (342),,7th Edition,L,$0.63,$0.25,$0.13,2017-07-08 02:01:06.307845
Plains (343),,7th Edition,L,$0.74,$0.25,$0.09,2017-07-08 02:01:06.307845
Plains (344),,7th Edition,L,$0.66,$0.35,$0.18,2017-07-08 02:01:06.307845
Pride of Lions,3GG,7th Edition,U,$0.98,$0.25,$0.08,2017-07-08 02:01:06.307845
Prodigal Sorcerer,2U,7th Edition,C,$1.17,$0.19,$0.05,2017-07-08 02:01:06.307845
Purify,3WW,7th Edition,R,$1.07,$0.37,$0.20,2017-07-08 02:01:06.307845
Pygmy Pyrosaur,1R,7th Edition,C,$1.15,$0.17,$0.04,2017-07-08 02:01:06.307845
Pyroclasm,1R,7th Edition,U,$10.00,$0.53,$0.30,2017-07-08 02:01:06.307845
Pyrotechnics,4R,7th Edition,U,$1.19,$0.21,$0.05,2017-07-08 02:01:06.307845
Rag Man,2BB,7th Edition,R,$1.29,$0.33,$0.11,2017-07-08 02:01:06.307845
Raging Goblin,R,7th Edition,C,$0.94,$0.20,$0.05,2017-07-08 02:01:06.307845
Raise Dead,B,7th Edition,C,$1.16,$0.19,$0.05,2017-07-08 02:01:06.307845
Rampant Growth,1G,7th Edition,C,$1.17,$0.21,$0.05,2017-07-08 02:01:06.307845
Razorfoot Griffin,3W,7th Edition,C,$1.15,$0.17,$0.05,2017-07-08 02:01:06.307845
Razortooth Rats,2B,7th Edition,C,$1.15,$0.18,$0.05,2017-07-08 02:01:06.307845
Reckless Embermage,3R,7th Edition,R,$1.29,$0.32,$0.10,2017-07-08 02:01:06.307845
Reclaim,G,7th Edition,C,$1.14,$0.18,$0.04,2017-07-08 02:01:06.307845
Redwood Treefolk,4G,7th Edition,C,$1.15,$0.17,$0.05,2017-07-08 02:01:06.307845
Reflexes,R,7th Edition,C,$1.15,$0.17,$0.05,2017-07-08 02:01:06.307845
Regeneration,1G,7th Edition,C,$0.94,$0.16,$0.05,2017-07-08 02:01:06.307845
Relentless Assault,2RR,7th Edition,R,$1.28,$0.57,$0.24,2017-07-08 02:01:06.307845
Remove Soul,1U,7th Edition,C,$1.16,$0.19,$0.05,2017-07-08 02:01:06.307845
Reprisal,1W,7th Edition,U,$1.19,$0.22,$0.10,2017-07-08 02:01:06.307845
Reprocess,2BB,7th Edition,R,$1.35,$0.41,$0.24,2017-07-08 02:01:06.307845
Revenant,4B,7th Edition,R,$1.29,$0.32,$0.11,2017-07-08 02:01:06.307845
Reverse Damage,1WW,7th Edition,R,$1.29,$0.33,$0.20,2017-07-08 02:01:06.307845
Rod of Ruin,4,7th Edition,U,$1.16,$0.19,$0.07,2017-07-08 02:01:06.307845
Rolling Stones,1W,7th Edition,R,$1.34,$0.60,$0.34,2017-07-08 02:01:06.307845
Rowen,2GG,7th Edition,R,$1.35,$0.34,$0.15,2017-07-08 02:01:06.307845
Sabretooth Tiger,2R,7th Edition,C,$1.15,$0.17,$0.05,2017-07-08 02:01:06.307845
Sacred Ground,1W,7th Edition,R,$6.00,$0.47,$0.25,2017-07-08 02:01:06.307845
Sacred Nectar,1W,7th Edition,C,$1.15,$0.16,$0.05,2017-07-08 02:01:06.307845
Sage Owl,1U,7th Edition,C,$0.94,$0.18,$0.05,2017-07-08 02:01:06.307845
Samite Healer,1W,7th Edition,C,$1.15,$0.17,$0.05,2017-07-08 02:01:06.307845
Sanctimony,1W,7th Edition,U,$1.21,$0.24,$0.08,2017-07-08 02:01:06.307845
Scathe Zombies,2B,7th Edition,C,$0.94,$0.17,$0.05,2017-07-08 02:01:06.307845
Scavenger Folk,G,7th Edition,U,$1.17,$0.20,$0.07,2017-07-08 02:01:06.307845
Sea Monster,4UU,7th Edition,C,$1.14,$0.16,$0.05,2017-07-08 02:01:06.307845
Seasoned Marshal,2WW,7th Edition,U,$0.98,$0.19,$0.05,2017-07-08 02:01:06.307845
Seeker of Skybreak,1G,7th Edition,C,$1.24,$0.24,$0.10,2017-07-08 02:01:06.307845
Seismic Assault,RRR,7th Edition,R,$10.25,$5.55,$3.01,2017-07-08 02:01:06.307845
Serpent Warrior,2B,7th Edition,C,$1.15,$0.17,$0.05,2017-07-08 02:01:06.307845
Serra Advocate,3W,7th Edition,U,$0.99,$0.27,$0.10,2017-07-08 02:01:06.307845
Serra Angel,3WW,7th Edition,R,$1.52,$0.57,$0.28,2017-07-08 02:01:06.307845
Serra's Embrace,2WW,7th Edition,U,$0.99,$0.27,$0.05,2017-07-08 02:01:06.307845
Shanodin Dryads,G,7th Edition,C,$1.14,$0.17,$0.05,2017-07-08 02:01:06.307845
Shatter,1R,7th Edition,C,$1.15,$0.17,$0.05,2017-07-08 02:01:06.307845
Shield Wall,1W,7th Edition,C,$1.15,$0.17,$0.05,2017-07-08 02:01:06.307845
Shivan Dragon,4RR,7th Edition,R,$1.51,$0.54,$0.23,2017-07-08 02:01:06.307845
Shock,R,7th Edition,C,$1.18,$0.20,$0.05,2017-07-08 02:01:06.307845
Sisay's Ring,4,7th Edition,U,$0.98,$0.26,$0.10,2017-07-08 02:01:06.307845
Sky Diamond,2,7th Edition,U,$1.00,$0.33,$0.19,2017-07-08 02:01:06.307845
Skyshroud Falcon,1W,7th Edition,C,$0.94,$0.17,$0.05,2017-07-08 02:01:06.307845
Sleight of Hand,U,7th Edition,C,$44.99,$4.00,$2.48,2017-07-08 02:01:06.307845
Soul Feast,3BB,7th Edition,U,$1.17,$0.21,$0.05,2017-07-08 02:01:06.307845
Soul Net,1,7th Edition,U,$1.17,$0.20,$0.06,2017-07-08 02:01:06.307845
Southern Paladin,2WW,7th Edition,R,$1.53,$0.58,$0.24,2017-07-08 02:01:06.307845
Spellbook,0,7th Edition,U,$1.78,$0.61,$0.44,2017-07-08 02:01:06.307845
Spined Wurm,4G,7th Edition,C,$1.14,$0.17,$0.05,2017-07-08 02:01:06.307845
Spineless Thug,1B,7th Edition,C,$1.15,$0.17,$0.05,2017-07-08 02:01:06.307845
Spirit Link,W,7th Edition,U,$1.43,$0.36,$0.14,2017-07-08 02:01:06.307845
Spitting Earth,1R,7th Edition,C,$1.15,$0.17,$0.05,2017-07-08 02:01:06.307845
Squall,2G,7th Edition,C,$1.15,$0.17,$0.05,2017-07-08 02:01:06.307845
Staging Check Nov 5th,,7th Edition,C,N/A,N/A,N/A,2017-07-08 02:01:06.307845
Standing Troops,2W,7th Edition,C,$1.15,$0.17,$0.05,2017-07-08 02:01:06.307845
Starlight,1W,7th Edition,U,$1.17,$0.20,$0.05,2017-07-08 02:01:06.307845
Static Orb,3,7th Edition,R,$7.59,$6.39,$5.09,2017-07-08 02:01:06.307845
Staunch Defenders,3WW,7th Edition,U,$1.21,$0.23,$0.07,2017-07-08 02:01:06.307845
Steal Artifact,2UU,7th Edition,U,$0.99,$0.20,$0.07,2017-07-08 02:01:06.307845
Stone Rain,2R,7th Edition,C,$1.17,$0.19,$0.08,2017-07-08 02:01:06.307845
Storm Cauldron,5,7th Edition,R,$3.29,$0.73,$0.33,2017-07-08 02:01:06.307845
Storm Crow,1U,7th Edition,C,$0.98,$0.23,$0.05,2017-07-08 02:01:06.307845
Storm Shaman,2R,7th Edition,U,$1.17,$0.20,$0.07,2017-07-08 02:01:06.307845
Strands of Night,2BB,7th Edition,U,$1.08,$0.38,$0.18,2017-07-08 02:01:06.307845
Stream of Life,XG,7th Edition,C,$1.15,$0.18,$0.05,2017-07-08 02:01:06.307845
Stronghold Assassin,1BB,7th Edition,R,$1.28,$0.55,$0.29,2017-07-08 02:01:06.307845
Sudden Impact,3R,7th Edition,U,$1.19,$0.21,$0.06,2017-07-08 02:01:06.307845
Sulfurous Springs,,7th Edition,R,$7.47,$3.95,$2.38,2017-07-08 02:01:06.307845
Sunweb,3W,7th Edition,R,$1.07,$0.35,$0.13,2017-07-08 02:01:06.307845
Sustainer of the Realm,2WW,7th Edition,U,$1.00,$0.24,$0.07,2017-07-08 02:01:06.307845
Swamp (346),,7th Edition,L,$0.51,$0.25,$0.20,2017-07-08 02:01:06.307845
Swamp (347),,7th Edition,L,$1.88,$0.25,$0.09,2017-07-08 02:01:06.307845
Swamp (348),,7th Edition,L,$1.15,$0.33,$0.18,2017-07-08 02:01:06.307845
Swamp (349),,7th Edition,L,$0.98,$0.45,$0.25,2017-07-08 02:01:06.307845
Tainted Aether,2BB,7th Edition,R,$6.75,$3.46,$2.75,2017-07-08 02:01:06.307845
Teferi's Puzzle Box,4,7th Edition,R,$7.99,$5.64,$4.09,2017-07-08 02:01:06.307845
Telepathic Spies,2U,7th Edition,C,$1.15,$0.18,$0.05,2017-07-08 02:01:06.307845
Telepathy,U,7th Edition,U,$1.23,$0.24,$0.10,2017-07-08 02:01:06.307845
Temporal Adept,1UU,7th Edition,R,$1.54,$0.56,$0.32,2017-07-08 02:01:06.307845
Thieving Magpie,2UU,7th Edition,U,$1.18,$0.21,$0.05,2017-07-08 02:01:06.307845
Thorn Elemental,5GG,7th Edition,R,$1.36,$0.40,$0.20,2017-07-08 02:01:06.307845
Thoughtleech,GG,7th Edition,U,$1.29,$0.22,$0.08,2017-07-08 02:01:06.307845
Throne of Bone,1,7th Edition,U,$1.17,$0.20,$0.05,2017-07-08 02:01:06.307845
Tolarian Winds,1U,7th Edition,C,$0.94,$0.20,$0.05,2017-07-08 02:01:06.307845
Trained Armodon,1GG,7th Edition,C,$1.15,$0.17,$0.05,2017-07-08 02:01:06.307845
Trained Orgg,6R,7th Edition,R,$3.00,$0.29,$0.08,2017-07-08 02:01:06.307845
Tranquility,2G,7th Edition,C,$1.16,$0.17,$0.05,2017-07-08 02:01:06.307845
Treasure Trove,2UU,7th Edition,U,$1.17,$0.20,$0.06,2017-07-08 02:01:06.307845
Treefolk Seedlings,2G,7th Edition,U,$1.29,$0.33,$0.11,2017-07-08 02:01:06.307845
Tremor,R,7th Edition,C,$1.16,$0.18,$0.05,2017-07-08 02:01:06.307845
Twiddle,U,7th Edition,C,$1.16,$0.18,$0.05,2017-07-08 02:01:06.307845
Uktabi Wildcats,4G,7th Edition,R,$1.31,$0.38,$0.11,2017-07-08 02:01:06.307845
Underground River,,7th Edition,R,$7.47,$3.59,$1.66,2017-07-08 02:01:06.307845
Unholy Strength,B,7th Edition,C,$0.94,$0.17,$0.05,2017-07-08 02:01:06.307845
Unsummon,U,7th Edition,C,$0.94,$0.16,$0.05,2017-07-08 02:01:06.307845
Untamed Wilds,2G,7th Edition,U,$1.17,$0.21,$0.07,2017-07-08 02:01:06.307845
Venerable Monk,2W,7th Edition,C,$1.15,$0.17,$0.05,2017-07-08 02:01:06.307845
Vengeance,3W,7th Edition,U,$1.21,$0.23,$0.01,2017-07-08 02:01:06.307845
Verduran Enchantress,1GG,7th Edition,R,$1.55,$0.60,$0.42,2017-07-08 02:01:06.307845
Vernal Bloom,3G,7th Edition,R,$2.77,$2.00,$1.42,2017-07-08 02:01:06.307845
Vigilant Drake,4U,7th Edition,C,$1.15,$0.17,$0.05,2017-07-08 02:01:06.307845
Vizzerdrix,6U,7th Edition,R,$1.28,$0.29,$0.08,2017-07-08 02:01:06.307845
Volcanic Hammer,1R,7th Edition,C,$1.16,$0.17,$0.05,2017-07-08 02:01:06.307845
Wall of Air,1UU,7th Edition,U,$1.16,$0.19,$0.09,2017-07-08 02:01:06.307845
Wall of Bone,2B,7th Edition,U,$0.98,$0.21,$0.05,2017-07-08 02:01:06.307845
Wall of Fire,1RR,7th Edition,U,$0.99,$0.21,$0.04,2017-07-08 02:01:06.307845
Wall of Spears,3,7th Edition,U,$1.17,$0.21,$0.07,2017-07-08 02:01:06.307845
Wall of Swords,3W,7th Edition,U,$0.98,$0.22,$0.05,2017-07-08 02:01:06.307845
Wall of Wonder,2UU,7th Edition,R,$1.28,$0.30,$0.14,2017-07-08 02:01:06.307845
Western Paladin,2BB,7th Edition,R,$1.09,$0.35,$0.23,2017-07-08 02:01:06.307845
Wild Growth,G,7th Edition,C,$0.94,$0.20,$0.09,2017-07-08 02:01:06.307845
Wildfire,4RR,7th Edition,R,$1.98,$0.49,$0.26,2017-07-08 02:01:06.307845
Wind Dancer,1U,7th Edition,U,$1.17,$0.21,$0.06,2017-07-08 02:01:06.307845
Wind Drake,2U,7th Edition,C,$1.14,$0.16,$0.05,2017-07-08 02:01:06.307845
Wing Snare,2G,7th Edition,U,$1.17,$0.20,$0.07,2017-07-08 02:01:06.307845
Wood Elves,2G,7th Edition,C,$1.16,$0.20,$0.05,2017-07-08 02:01:06.307845
Wooden Sphere,1,7th Edition,U,$1.17,$0.20,$0.06,2017-07-08 02:01:06.307845
Worship,3W,7th Edition,R,$22.98,$7.97,$5.35,2017-07-08 02:01:06.307845
Wrath of God,2WW,7th Edition,R,$6.59,$5.49,$4.32,2017-07-08 02:01:06.307845
Yavimaya Enchantress,2G,7th Edition,U,$1.00,$0.26,$0.10,2017-07-08 02:01:06.307845
Yawgmoth's Edict,1B,7th Edition,U,$1.17,$0.20,$0.05,2017-07-08 02:01:06.307845
