card	deck	quantity	format
Abzan Charm	Intangible Tokens	3	battle deck
Acidic Slime	Uproar	1	battle deck
Advent of the Wurm	Jungle Rumble	3	battle deck
Aerial Responder	Flight Club	4	battle deck
AEther Adept	Aether Flux	4	battle deck
AEther Adept	Uproar	1	battle deck
Agony Warp	Dark Delve	3	battle deck
Ainok Survivalist	Secret Plans	2	battle deck
Akoum Hellkite	Big Red Relics	4	battle deck
Akroan Crusader	Heroes of Old	3	battle deck
Akroan Skyguard	Heroes of Old	4	battle deck
Alchemist's Greeting	Blood Brothers	4	battle deck
Alchemist's Vial	Invasive Bond	4	battle deck
"Alesha, Who Smiles at Death"	Smile At Death	4	battle deck
Allied Reinforcements	Ally Rally	4	battle deck
Ambush Viper	Chimera Flash	3	battle deck
Anax and Cymede	Heroes of Old	2	battle deck
Angel of Glory's Rise	Hatchet Men	1	battle deck
Angler Drake	Cold Front	4	battle deck
Angler Drake	Uproar	1	battle deck
Angrath's Marauders	Blaze Brigade	1	battle deck
Anticipate	Brutal Nursery	4	battle deck
Anticipate	Brutal Truth	4	battle deck
Anticipate	Dark Delve	4	battle deck
Anticipate	Manic Fog	1	battle deck
Anticipate	Pristine Control	4	battle deck
Arborback Stomper	Plow The Sands	3	battle deck
Arborback Stomper	Uproar	1	battle deck
Arc Lightning	Thopter Squad	3	battle deck
Arcbound Stinger	Grow-Bots!	4	battle deck
Arcbound Worker	Grow-Bots!	4	battle deck
Armorcraft Judge	Counter Revolution	4	battle deck
Armored Skaab	Spider Spawning	3	battle deck
Artful Dodge	Battle Blitz	4	battle deck
Artificer's Epiphany	Chimera Flash	3	battle deck
Artillerize	Grease Monkeys	3	battle deck
Attune with Aether	Untamed Energy	4	battle deck
Atzocan Archer	Uproar	3	battle deck
Aura Gnarlid	Enchantress Blossom	4	battle deck
Auramancer	Aura Blight	4	battle deck
Auramancer	Enchantress Blossom	4	battle deck
Avacynian Missionaries	Hatchet Men	4	battle deck
Avacyn's Pilgrim	Jungle Rumble	4	battle deck
Aven Riftwatcher	Aether Flux	4	battle deck
Aven Riftwatcher	Body Snatchers	2	battle deck
Aviary Mechanic	Monumental Force	4	battle deck
Azorius Arrester	Smile At Death	4	battle deck
Azorius Guildgate	Aether Flux	4	battle deck
Azorius Guildgate	Pristine Control	4	battle deck
Baleful Ammit	Swarm of Scars	4	battle deck
Baloth Null	Brood Rites	2	battle deck
Baloth Pup	Claws and Effect	4	battle deck
Banishing Light	Body Snatchers	2	battle deck
Barrage of Expendables	Firing Squad	4	battle deck
Barren Moor	Delirium Weaver	1	battle deck
Barricade Breaker	Black Metal	2	battle deck
Barter in Blood	Sphinx Control	3	battle deck
Bathe in Dragonfire	Celestial Brood	2	battle deck
Battle Brawler	Warriors!	4	battle deck
Bear's Companion	Converging Domains	2	battle deck
Bestial Menace	Nature of the Beast	4	battle deck
Biting Rain	Mad House	2	battle deck
Bituminous Blast	Blaze Brigade	2	battle deck
Blaze Commando	Blaze Brigade	4	battle deck
Blessed Spirits	Aura Blight	4	battle deck
Blessed Spirits	Enchantress Blossom	4	battle deck
Blightcaster	Aura Blight	4	battle deck
Blighted Fen	Black Metal	2	battle deck
Blinding Drone	Brutal Nursery	2	battle deck
Blood-Chin Fanatic	Warriors!	1	battle deck
Blood-Chin Rager	Warriors!	4	battle deck
Blood-Cursed Knight	Aura Blight	3	battle deck
Bloodfell Caves	Blaze Brigade	4	battle deck
Bloodfell Caves	Blood Brothers	4	battle deck
Bloodfell Caves	Smile At Death	4	battle deck
Bloodthrone Vampire	Consume the Weak	4	battle deck
Blossoming Sands	Ally Rally	2	battle deck
Blossoming Sands	Enchantress Blossom	4	battle deck
Blossoming Sands	Intangible Tokens	4	battle deck
Blossoming Sands	Jungle Rumble	3	battle deck
Bolt of Keranos	Red Menace	4	battle deck
Bonded Construct	Robo Weenie	4	battle deck
Bone Splinters	Brood Rites	4	battle deck
Bone Splinters	Consume the Weak	4	battle deck
Bone Splinters	Intangible Tokens	4	battle deck
Bone Splinters	rebel riot	2	battle deck
Bone Splinters	Smile At Death	4	battle deck
Boneyard Wurm	Golgari Graverobbers	2	battle deck
Boneyard Wurm	Spider Spawning	2	battle deck
Borderland Marauder	Red Menace	3	battle deck
Boros Guildgate	Blaze Brigade	2	battle deck
Boros Guildgate	Day of Doom	4	battle deck
Boros Guildgate	Impact Slide	4	battle deck
Bounding Krasis	Chimera Flash	4	battle deck
Bounty of the Luxa	Plow The Sands	2	battle deck
Brain Maggot	Aura Blight	4	battle deck
Brain Maggot	Grim Constellation	4	battle deck
Briarpack Alpha	Invasive Bond	4	battle deck
Brilliant Spectrum	Converging Domains	2	battle deck
Broken Ambitions	Grave Tide	4	battle deck
Broken Concentration	Grave Tide	4	battle deck
Brood Butcher	Brood Rites	4	battle deck
Brood Keeper	Celestial Brood	4	battle deck
Broodmate Dragon	Consume the Weak	2	battle deck
Brushstrider	Invasive Bond	4	battle deck
Brutal Expulsion	Brutal Nursery	4	battle deck
Brute Force	Battle Blitz	3	battle deck
Burning Oil	Day of Doom	1	battle deck
Burning Oil	Sweet Vengeance	3	battle deck
Burning Vengeance	Sweet Vengeance	4	battle deck
Burst Lightning	Land Brawl	4	battle deck
Butcher's Cleaver	Hatchet Men	3	battle deck
Calciderm	Aether Flux	2	battle deck
Call of the Herd	Nature of the Beast	4	battle deck
Call the Bloodline	Blood Brothers	2	battle deck
Call the Bloodline	Mad House	4	battle deck
Call the Bloodline	Marsh Madness	4	battle deck
Call the Skybreaker	Savage Ramp	2	battle deck
Caller of the Claw	Uproar	1	battle deck
Cancel	Chimera Flash	4	battle deck
Cancel	Pristine Control	4	battle deck
Cancel	Sphinx Control	4	battle deck
Captain of the Mists	Hatchet Men	3	battle deck
Captured by the Consulate	Day of Doom	3	battle deck
Carrier Thrall	Brood Rites	4	battle deck
Cartouche of Solidarity	Monumental Force	4	battle deck
Catacomb Sifter	Brood Rites	4	battle deck
Catalog	Grave Tide	4	battle deck
Cathartic Reunion	Brutal Truth	4	battle deck
Cathartic Reunion	Thermal Detonator	4	battle deck
Cathodion	Robo Weenie	4	battle deck
Caustic Tar	Black Death	1	battle deck
Celestial Archon	Aura Blight	2	battle deck
Celestial Crusader	Intangible Tokens	2	battle deck
Chandra's Pyrohelix	Brutal Truth	1	battle deck
Chandra's Pyrohelix	Thermal Detonator	4	battle deck
Chandra's Pyrohelix	Untamed Energy	2	battle deck
Charging Monstrosaur	Dino Might	2	battle deck
Chief of the Edge	Warriors!	4	battle deck
Chief of the Scale	Warriors!	4	battle deck
Chronomaton	Grow-Bots!	4	battle deck
Cinder Barrens	Drone Strike	4	battle deck
Cinder Barrens	Mad House	4	battle deck
Cinder Hellion	Claws and Effect	3	battle deck
Cinder Pyromancer	Firing Squad	4	battle deck
Civic Wayfinder	Savage Ramp	2	battle deck
Clash of Wills	Pristine Control	4	battle deck
Cloudblazer	Flight Club	3	battle deck
Cloudblazer	Servo Revolt	4	battle deck
Cloudthresher	Savage Ramp	1	battle deck
Clutch of Currents	Thermal Detonator	4	battle deck
Coiling Oracle	Plow The Sands	4	battle deck
Coiling Oracle	Uproar	4	battle deck
Collateral Damage	Impact Slide	4	battle deck
Commune with Dinosaurs	Dino Might	4	battle deck
Commune with the Gods	Grim Constellation	4	battle deck
Complete Disregard	Drone Strike	4	battle deck
Compulsive Research	Spider Spawning	2	battle deck
Compulsory Rest	Jungle Rumble	4	battle deck
Conduit of Storms	Celestial Brood	4	battle deck
Cone of Flame	Day of Doom	3	battle deck
Contagion Clasp	Grow-Bots!	2	battle deck
Coordinated Assault	Untamed Energy	2	battle deck
Corrupt	Marsh Madness	1	battle deck
Countless Gears Renegade	rebel riot	4	battle deck
Court Homunculus	Robo Weenie	4	battle deck
Cradle of the Accursed	Plow The Sands	1	battle deck
Crocodile of the Crossing	Swarm of Scars	4	battle deck
Crow of Dark Tidings	Grim Constellation	2	battle deck
Crow of Dark Tidings	Zombie Apocolypse	4	battle deck
Cruel Revival	Zombie Apocolypse	4	battle deck
Cruel Ultimatum	Mad House	2	battle deck
Curious Homunculus	Thermal Detonator	4	battle deck
Curse of the Bloody Tome	Manic Fog	4	battle deck
Dakra Mystic	Necromancer's pact	4	battle deck
Dark Deal	Necromancer's pact	4	battle deck
Dark Hatchling	Reanimaniacs	1	battle deck
Darksteel Axe	Robo Weenie	1	battle deck
Dead Drop	Black Death	3	battle deck
Dead Drop	Dark Delve	2	battle deck
Dead Weight	Aura Blight	4	battle deck
Dead Weight	Grim Constellation	4	battle deck
Death Wind	Black Death	3	battle deck
Decimator Beetle	Swarm of Scars	4	battle deck
Defend the Hearth	Manic Fog	4	battle deck
Defiant Greatmaw	Swarm of Scars	4	battle deck
Defiant Salvager	Black Metal	4	battle deck
Defiant Salvager	rebel riot	4	battle deck
Defiant Strike	Heroes of Old	4	battle deck
Demonic Taskmaster	Dark Delve	2	battle deck
Deputy of Acquittals	Aether Flux	3	battle deck
Deranged Assistant	Spider Spawning	4	battle deck
Desert of the Fervent	Dino Might	1	battle deck
Desert of the Indomitable	Dino Might	1	battle deck
Desperate Ravings	Sweet Vengeance	4	battle deck
Devils' Playground	Firing Squad	3	battle deck
Devour Flesh	Golgari Graverobbers	1	battle deck
Devouring Light	Intangible Tokens	2	battle deck
Dhund Operative	Black Metal	4	battle deck
Diabolic Servitude	Necromancer's pact	2	battle deck
Dimir Guildgate	Grow-Bots!	4	battle deck
Dimir Guildgate	Necromancer's pact	4	battle deck
Dimir Guildgate	Sphinx Control	4	battle deck
Dismal Backwater	Dark Delve	4	battle deck
Dismal Backwater	Grow-Bots!	4	battle deck
Dismal Backwater	Necromancer's pact	4	battle deck
Dismal Backwater	Servo Revolt	4	battle deck
Dismal Backwater	Sphinx Control	4	battle deck
Dismal Backwater	Spider Spawning	2	battle deck
Dismal Backwater	Zombie Apocolypse	4	battle deck
Dispel	Battle Blitz	4	battle deck
Distemper of the Blood	Blood Brothers	2	battle deck
Distress	Black Death	4	battle deck
Divination	Sphinx Control	4	battle deck
Dominator Drone	Drone Strike	4	battle deck
Doom Blade	Marsh Madness	2	battle deck
Doomed Dissenter	Consume the Weak	4	battle deck
Doomwake Giant	Grim Constellation	3	battle deck
Drag Down	Converging Domains	3	battle deck
Dragon Fodder	Impact Slide	4	battle deck
Dragon Fodder	Thopter Squad	4	battle deck
Dragon Mantle	Heroes of Old	4	battle deck
Dream Thief	Blue Skies	3	battle deck
Dreamstone Hedron	Big Red Relics	3	battle deck
Drover of the Mighty	Dino Might	4	battle deck
Drown in Filth	Delirium Weaver	3	battle deck
Druid of the Cowl	Counter Revolution	2	battle deck
Duneblast	Converging Domains	2	battle deck
Duress	Savage Ramp	3	battle deck
Dust Stalker	Drone Strike	4	battle deck
Earthquake	Blaze Brigade	1	battle deck
Eidolon of Blossoms	Enchantress Blossom	4	battle deck
Eldrazi Skyspawner	Emerging Evil	4	battle deck
Eldrazi Skyspawner	Uproar	1	battle deck
Elemental Bond	Invasive Bond	4	battle deck
Eliminate the Competition	rebel riot	2	battle deck
Elixir of Immortality	Manic Fog	1	battle deck
Elvish Visionary	Emerging Evil	4	battle deck
Embermaw Hellion	Firing Squad	4	battle deck
Engulf the Shore	Grave Tide	2	battle deck
Enhanced Awareness	Grave Tide	2	battle deck
Enlightened Maniac	Uproar	2	battle deck
Entomber Exarch	Body Snatchers	4	battle deck
Essence Extraction	Reanimaniacs	4	battle deck
Essence Extraction	Servo Revolt	4	battle deck
Essence Flux	Aether Flux	4	battle deck
Essence Scatter	Chimera Flash	3	battle deck
Essence Scatter	Grave Tide	4	battle deck
Etched Oracle	Converging Domains	3	battle deck
Evolving Wilds	Body Snatchers	3	battle deck
Evolving Wilds	Claws and Effect	4	battle deck
Evolving Wilds	Consume the Weak	4	battle deck
Evolving Wilds	Converging Domains	4	battle deck
Evolving Wilds	Dark Delve	4	battle deck
Evolving Wilds	Grim Constellation	4	battle deck
Evolving Wilds	Hatchet Men	4	battle deck
Evolving Wilds	Jungle Rumble	4	battle deck
Evolving Wilds	Land Brawl	4	battle deck
Evolving Wilds	Savage Ramp	4	battle deck
Evolving Wilds	Storm lords	4	battle deck
Evolving Wilds	Sweet Vengeance	4	battle deck
Evolving Wilds	Thermal Detonator	4	battle deck
Executioner's Capsule	Black Metal	1	battle deck
Exemplar of Strength	Swarm of Scars	4	battle deck
Exert Influence	Converging Domains	2	battle deck
Expedite	Battle Blitz	2	battle deck
Expedition Envoy	Ally Rally	4	battle deck
Explore	Plow The Sands	4	battle deck
Explosive Apparatus	Delirium Weaver	3	battle deck
Extinguish All Hope	Sphinx Control	3	battle deck
Extract from Darkness	Necromancer's pact	1	battle deck
Faerie Impostor	Blue Skies	3	battle deck
Faerie Miscreant	Blue Skies	4	battle deck
Fairgrounds Warden	Monumental Force	4	battle deck
Faithless Looting	Storm lords	4	battle deck
Fall of the Hammer	Jungle Rumble	4	battle deck
Fanatic of Xenagos	Claws and Effect	4	battle deck
Fanatic of Xenagos	Land Brawl	4	battle deck
Far // Away	Sphinx Control	4	battle deck
Farseek	Converging Domains	2	battle deck
Fated Intervention	Nature of the Beast	3	battle deck
Fated Retribution	Pristine Control	2	battle deck
Favorable Winds	Blue Skies	3	battle deck
Favored Hoplite	Heroes of Old	2	battle deck
Feat of Resistance	Heroes of Old	4	battle deck
Fellwar Stone	Converging Domains	4	battle deck
Festering Mummy	Swarm of Scars	4	battle deck
Fiend Hunter	Hatchet Men	2	battle deck
Fiery Justice	Jungle Rumble	3	battle deck
Fiery Temper	Blood Brothers	3	battle deck
Fiery Temper	Mad House	4	battle deck
Filigree Familiar	Uproar	1	battle deck
Fireball	Day of Doom	1	battle deck
Firebolt	Storm lords	3	battle deck
Fireforger's Puzzleknot	Grease Monkeys	2	battle deck
Fires of Undeath	Sweet Vengeance	4	battle deck
Flame Jab	Blaze Brigade	1	battle deck
Flame Jab	Sweet Vengeance	3	battle deck
Flame Slash	Untamed Energy	2	battle deck
Flamerush Rider	Thopter Squad	2	battle deck
Flames of the Firebrand	Blood Brothers	2	battle deck
Flames of the Firebrand	Claws and Effect	4	battle deck
Flametongue Kavu	Big Red Relics	1	battle deck
Flayer Drone	Drone Strike	4	battle deck
Flayer Husk	Robo Weenie	4	battle deck
Flaying Tendrils	Dark Delve	3	battle deck
Flaying Tendrils	Servo Revolt	2	battle deck
Fleshbag Marauder	Brood Rites	4	battle deck
Fleshbag Marauder	Zombie Apocolypse	4	battle deck
Flinthoof Boar	Claws and Effect	3	battle deck
Foe-Razer Regent	Invasive Bond	1	battle deck
Fog	Manic Fog	4	battle deck
Fogwalker	Cold Front	4	battle deck
Forbidden Alchemy	Spider Spawning	2	battle deck
Forbidden Alchemy	Sweet Vengeance	4	battle deck
Forerunner of Slaughter	Drone Strike	4	battle deck
Forest	Ally Rally	4	battle deck
Forest	Brood Rites	4	battle deck
Forest	Chimera Flash	2	battle deck
Forest	Claws and Effect	6	battle deck
Forest	Consume the Weak	4	battle deck
Forest	Converging Domains	6	battle deck
Forest	Counter Revolution	24	battle deck
Forest	Dark Delve	2	battle deck
Forest	Delirium Weaver	7	battle deck
Forest	Dino Might	5	battle deck
Forest	Emerging Evil	14	battle deck
Forest	Enchantress Blossom	8	battle deck
Forest	Golgari Graverobbers	8	battle deck
Forest	Grim Constellation	10	battle deck
Forest	Intangible Tokens	4	battle deck
Forest	Invasive Bond	23	battle deck
Forest	Jungle Rumble	8	battle deck
Forest	Land Brawl	9	battle deck
Forest	Manic Fog	9	battle deck
Forest	Nature of the Beast	23	battle deck
Forest	Plow The Sands	10	battle deck
Forest	Reanimaniacs	6	battle deck
Forest	Savage Ramp	6	battle deck
Forest	Secret Plans	8	battle deck
Forest	Spider Spawning	6	battle deck
Forest	Swarm of Scars	10	battle deck
Forest	Untamed Energy	11	battle deck
Forest	Uproar	12	battle deck
Forgestoker Dragon	Claws and Effect	1	battle deck
Forgestoker Dragon	Savage Ramp	1	battle deck
Forgotten Cave	Firing Squad	2	battle deck
Forsaken Sanctuary	Kami Army	4	battle deck
Forsaken Sanctuary	Warriors!	4	battle deck
Fortune's Favor	Reanimaniacs	3	battle deck
Foul Emissary	Emerging Evil	4	battle deck
Foul Orchard	Delirium Weaver	4	battle deck
Foundry of the Consuls	Robo Weenie	4	battle deck
Frontier Bivouac	Converging Domains	1	battle deck
Furyblade Vampire	Blood Brothers	2	battle deck
Galestrike	Plow The Sands	4	battle deck
Galvanic Bombardment	Blaze Brigade	4	battle deck
Galvanic Bombardment	Brutal Truth	3	battle deck
Galvanic Bombardment	Celestial Brood	3	battle deck
Galvanic Bombardment	Firing Squad	4	battle deck
Galvanic Juggernaut	Black Metal	4	battle deck
Garruk's Companion	Invasive Bond	4	battle deck
Garruk's Packleader	Invasive Bond	4	battle deck
Gather the Townsfolk	Intangible Tokens	4	battle deck
Geistblast	Mad House	2	battle deck
Ghirapur AEther Grid	Brutal Truth	3	battle deck
Ghirapur AEther Grid	Thopter Squad	2	battle deck
Ghirapur Gearcrafter	Thopter Squad	4	battle deck
Ghitu Encampment	Heroes of Old	1	battle deck
Ghoulraiser	Zombie Apocolypse	4	battle deck
Giant Spectacle	Celestial Brood	4	battle deck
Gideon's Reproach	Flight Club	4	battle deck
Gisa's Bidding	Mad House	4	battle deck
Glimmerpoint Stag	Aether Flux	2	battle deck
Glint Hawk Idol	Robo Weenie	4	battle deck
Gnaw to the Bone	Spider Spawning	4	battle deck
Goblin Arsonist	Firing Squad	4	battle deck
Goblin Glory Chaser	Red Menace	4	battle deck
Goblin Heelcutter	Red Menace	2	battle deck
Goblin Shortcutter	Smile At Death	4	battle deck
Goblinslide	Impact Slide	4	battle deck
God-Pharaoh's Faithful	Day of Doom	4	battle deck
Golgari Brownscale	Golgari Graverobbers	2	battle deck
Golgari Guildgate	Brood Rites	4	battle deck
Golgari Guildgate	Golgari Graverobbers	4	battle deck
Gore-House Chainwalker	Red Menace	4	battle deck
Graf Rats	Body Snatchers	4	battle deck
Gravedigger	Zombie Apocolypse	4	battle deck
Grim Affliction	Grow-Bots!	4	battle deck
Grim Affliction	Swarm of Scars	4	battle deck
Grisly Salvage	Delirium Weaver	2	battle deck
Grisly Salvage	Golgari Graverobbers	4	battle deck
Gruul Guildgate	Chimera Flash	1	battle deck
Gruul Guildgate	Claws and Effect	4	battle deck
Gruul Guildgate	Dino Might	4	battle deck
Gruul Ragebeast	Reanimaniacs	1	battle deck
Gurmag Angler	Dark Delve	1	battle deck
Guttersnipe	Thermal Detonator	1	battle deck
Hammerhand	Heroes of Old	3	battle deck
Hapatra's Mark	Swarm of Scars	4	battle deck
Harvester of Souls	Savage Ramp	1	battle deck
Harvestguard Alseids	Aura Blight	4	battle deck
Hashep Oasis	Dino Might	3	battle deck
Heart-Piercer Bow	Hatchet Men	4	battle deck
Heart-Piercer Manticore	Jungle Rumble	2	battle deck
Heat Ray	Day of Doom	1	battle deck
Hedron Crawler	Black Metal	4	battle deck
Heliod's Emissary	Enchantress Blossom	2	battle deck
Heliod's Pilgrim	Enchantress Blossom	4	battle deck
Herald of Kozilek	Brutal Nursery	4	battle deck
Hidden Stockpile	rebel riot	4	battle deck
Hideous End	Warriors!	4	battle deck
Highland Lake	Mad House	4	battle deck
Highland Lake	Thermal Detonator	4	battle deck
"Hikari, Twilight Guardian"	Kami Army	3	battle deck
Hoarding Dragon	Big Red Relics	4	battle deck
Hooting Mandrills	Claws and Effect	2	battle deck
Hopeful Eidolon	Enchantress Blossom	4	battle deck
Horizon Chimera	Chimera Flash	3	battle deck
Horobi's Whisper	Kami Army	1	battle deck
Howl of the Night Pack	Nature of the Beast	2	battle deck
Hungry Flames	Blaze Brigade	4	battle deck
Icefeather Aven	Secret Plans	4	battle deck
Illusory Angel	Blue Skies	3	battle deck
Imminent Doom	Day of Doom	4	battle deck
Immolating Souleater	Battle Blitz	4	battle deck
Impact Tremors	Impact Slide	4	battle deck
Implement of Improvement	rebel riot	4	battle deck
Incendiary Flow	Storm lords	4	battle deck
Indrik Stomphowler	Savage Ramp	2	battle deck
Indulgent Aristocrat	Blood Brothers	3	battle deck
Inferno Fist	Celestial Brood	4	battle deck
Intangible Virtue	Intangible Tokens	2	battle deck
Interpret the Signs	Dark Delve	1	battle deck
Invasive Species	Invasive Bond	4	battle deck
Inventor's Apprentice	Grease Monkeys	4	battle deck
Inventor's Goggles	Grease Monkeys	2	battle deck
Island	Aether Flux	8	battle deck
Island	Battle Blitz	11	battle deck
Island	Blue Skies	21	battle deck
Island	Brutal Nursery	8	battle deck
Island	Brutal Truth	10	battle deck
Island	Chimera Flash	9	battle deck
Island	Claws and Effect	3	battle deck
Island	Cold Front	24	battle deck
Island	Converging Domains	2	battle deck
Island	Dark Delve	4	battle deck
Island	Emerging Evil	10	battle deck
Island	Flight Club	9	battle deck
Island	Grave Tide	25	battle deck
Island	Grow-Bots!	7	battle deck
Island	Hatchet Men	3	battle deck
Island	Mad House	3	battle deck
Island	Manic Fog	15	battle deck
Island	Necromancer's pact	8	battle deck
Island	Plow The Sands	10	battle deck
Island	Pristine Control	9	battle deck
Island	Reanimaniacs	3	battle deck
Island	Secret Plans	8	battle deck
Island	Servo Revolt	5	battle deck
Island	Sphinx Control	9	battle deck
Island	Spider Spawning	5	battle deck
Island	Storm lords	8	battle deck
Island	Sweet Vengeance	3	battle deck
Island	Thermal Detonator	7	battle deck
Island	Thopter Squad	7	battle deck
Island	Uproar	6	battle deck
Island	Zombie Apocolypse	8	battle deck
It of the Horrid Swarm	Emerging Evil	3	battle deck
Ixalli's Diviner	Uproar	4	battle deck
Izzet Guildgate	Brutal Nursery	4	battle deck
Izzet Guildgate	Sweet Vengeance	4	battle deck
Izzet Guildgate	Thopter Squad	4	battle deck
Jace's Erasure	Manic Fog	4	battle deck
Jace's Ingenuity	Brutal Nursery	2	battle deck
Jace's Ingenuity	Pristine Control	4	battle deck
Jace's Ingenuity	Sphinx Control	3	battle deck
Jayemdae Tome	Big Red Relics	1	battle deck
Jeskai Elder	Battle Blitz	4	battle deck
Jeskai Elder	Storm lords	4	battle deck
Jetting Glasskite	Pristine Control	4	battle deck
"Jor Kadeen, the Prevailer"	Grease Monkeys	2	battle deck
Juggernaut	Black Metal	4	battle deck
Jungle Hollow	Brood Rites	4	battle deck
Jungle Hollow	Consume the Weak	2	battle deck
Jungle Hollow	Dark Delve	1	battle deck
Jungle Hollow	Golgari Graverobbers	4	battle deck
Jungle Hollow	Savage Ramp	4	battle deck
Jungle Hollow	Spider Spawning	2	battle deck
Jungle Hollow	Swarm of Scars	4	battle deck
Just the Wind	Grave Tide	4	battle deck
Kami of Ancient Law	Kami Army	4	battle deck
Kefnet's Monument	Cold Front	4	battle deck
Kiln Fiend	Battle Blitz	1	battle deck
Kindly Stranger	Delirium Weaver	4	battle deck
Kird Chieftain	Jungle Rumble	4	battle deck
Kor Bladewhirl	Ally Rally	4	battle deck
Kor Castigator	Ally Rally	4	battle deck
Kor Hookmaster	Aether Flux	2	battle deck
Korozda Guildmage	Brood Rites	1	battle deck
"Kothophed, Soul Hoarder"	Black Death	4	battle deck
Kraken's Eye	Grave Tide	1	battle deck
Krosan Tusker	Golgari Graverobbers	2	battle deck
Kujar Seedsculptor	Counter Revolution	4	battle deck
Labyrinth Champion	Heroes of Old	1	battle deck
Labyrinth Guardian	Plow The Sands	4	battle deck
Lashweed Lurker	Emerging Evil	3	battle deck
Lavalanche	Consume the Weak	1	battle deck
Lay Claim	Plow The Sands	1	battle deck
Lay of the Land	Converging Domains	4	battle deck
Leonin Skyhunter	Monumental Force	4	battle deck
Lightform	Enchantress Blossom	1	battle deck
Lightning Axe	Blood Brothers	2	battle deck
Lightning Axe	Mad House	4	battle deck
Lightning Berserker	Red Menace	4	battle deck
Lightning Strike	Blaze Brigade	4	battle deck
Lightning Strike	Land Brawl	2	battle deck
Lightning Strike	Red Menace	4	battle deck
Lightning Strike	Smile At Death	4	battle deck
Lightning Strike	Storm lords	3	battle deck
Living Totem	Counter Revolution	4	battle deck
Llanowar Elves	Counter Revolution	3	battle deck
Lone Revenant	Dark Delve	4	battle deck
Lonely Sandbar	Blue Skies	1	battle deck
Long-Forgotten Gohei	Kami Army	1	battle deck
Longtusk Cub	Untamed Energy	4	battle deck
Madcap Skills	Red Menace	2	battle deck
Mage-Ring Bully	Red Menace	4	battle deck
Magma Spray	Big Red Relics	4	battle deck
Magma Spray	Day of Doom	4	battle deck
Magma Spray	Dino Might	3	battle deck
Magma Spray	Thermal Detonator	4	battle deck
Magmaw	Firing Squad	1	battle deck
Magnifying Glass	Day of Doom	1	battle deck
Makindi Sliderunner	Land Brawl	4	battle deck
Manic Scribe	Manic Fog	4	battle deck
Man-o'-War	Aether Flux	4	battle deck
Mardu Banner	Blaze Brigade	3	battle deck
Mardu Heart-Piercer	Smile At Death	4	battle deck
Mardu Skullhunter	Warriors!	4	battle deck
Marionette Master	Black Metal	3	battle deck
Massive Raid	Impact Slide	2	battle deck
Master Trinketeer	Servo Revolt	2	battle deck
Maulfist Revolutionary	Counter Revolution	4	battle deck
"Melek, Izzet Paragon"	Thermal Detonator	1	battle deck
Memory Lapse	Blue Skies	4	battle deck
Merciless Executioner	Body Snatchers	3	battle deck
Merciless Executioner	Marsh Madness	4	battle deck
Merciless Executioner	Warriors!	4	battle deck
Merfolk Looter	Necromancer's pact	2	battle deck
Merfolk Looter	Reanimaniacs	4	battle deck
Messenger Falcons	Aether Flux	2	battle deck
Midnight Scavengers	Body Snatchers	4	battle deck
Military Intelligence	Thopter Squad	4	battle deck
Mind Sludge	Marsh Madness	1	battle deck
Mind Stone	Big Red Relics	4	battle deck
Mind Stone	Nature of the Beast	2	battle deck
Minister of Pain	Smile At Death	2	battle deck
Mire's Toll	Marsh Madness	4	battle deck
Mistfire Weaver	Secret Plans	4	battle deck
Mogis's Warhound	Celestial Brood	4	battle deck
Moldgraf Scavenger	Delirium Weaver	4	battle deck
Molten Birth	Impact Slide	4	battle deck
Molten Nursery	Brutal Nursery	4	battle deck
Morkrut Banshee	Kami Army	4	battle deck
Mortarpod	Black Metal	2	battle deck
Mortuary Mire	Black Metal	2	battle deck
Moss Diamond	Nature of the Beast	2	battle deck
Mountain	Battle Blitz	8	battle deck
Mountain	Big Red Relics	22	battle deck
Mountain	Blaze Brigade	6	battle deck
Mountain	Blood Brothers	8	battle deck
Mountain	Brutal Nursery	7	battle deck
Mountain	Brutal Truth	10	battle deck
Mountain	Celestial Brood	24	battle deck
Mountain	Chimera Flash	4	battle deck
Mountain	Claws and Effect	5	battle deck
Mountain	Consume the Weak	3	battle deck
Mountain	Converging Domains	2	battle deck
Mountain	Day of Doom	8	battle deck
Mountain	Dino Might	6	battle deck
Mountain	Drone Strike	5	battle deck
Mountain	Firing Squad	22	battle deck
Mountain	Grease Monkeys	13	battle deck
Mountain	Hatchet Men	4	battle deck
Mountain	Heroes of Old	10	battle deck
Mountain	Impact Slide	9	battle deck
Mountain	Jungle Rumble	3	battle deck
Mountain	Land Brawl	8	battle deck
Mountain	Mad House	5	battle deck
Mountain	Red Menace	22	battle deck
Mountain	Savage Ramp	3	battle deck
Mountain	Smile At Death	1	battle deck
Mountain	Storm lords	8	battle deck
Mountain	Sweet Vengeance	3	battle deck
Mountain	Thermal Detonator	9	battle deck
Mountain	Thopter Squad	9	battle deck
Mountain	Untamed Energy	8	battle deck
Mouth	Jungle Rumble	2	battle deck
Mouth	Nature of the Beast	4	battle deck
Mulch	Spider Spawning	4	battle deck
Multiform Wonder	Untamed Energy	1	battle deck
Murder	Black Death	4	battle deck
Murder	Body Snatchers	4	battle deck
Murder	Savage Ramp	3	battle deck
Murderous Compulsion	Mad House	4	battle deck
Murderous Compulsion	Reanimaniacs	4	battle deck
Murderous Cut	Golgari Graverobbers	1	battle deck
Murderous Cut	Savage Ramp	2	battle deck
Myr Sire	Grease Monkeys	2	battle deck
Naga Vitalist	Consume the Weak	4	battle deck
Nagging Thoughts	Grave Tide	4	battle deck
Nameless Inversion	Kami Army	4	battle deck
Narnam Renegade	Counter Revolution	3	battle deck
Necrogenesis	Consume the Weak	2	battle deck
Necromancer's Assistant	Golgari Graverobbers	4	battle deck
Necromantic Summons	Golgari Graverobbers	4	battle deck
Necromantic Summons	Sphinx Control	1	battle deck
Negate	Blue Skies	2	battle deck
Negate	Servo Revolt	2	battle deck
Negate	Sphinx Control	2	battle deck
Nekrataal	Necromancer's pact	4	battle deck
Nemesis of Mortals	Golgari Graverobbers	4	battle deck
Nessian Wilds Ravager	Invasive Bond	1	battle deck
Nest Invader	Uproar	1	battle deck
Nest of Scarabs	Swarm of Scars	4	battle deck
Nighthowler	Aura Blight	1	battle deck
Nighthowler	Golgari Graverobbers	1	battle deck
Night's Whisper	Savage Ramp	3	battle deck
Nimble Innovator	Cold Front	4	battle deck
Nimble Innovator	Uproar	1	battle deck
Nissa's Renewal	Nature of the Beast	1	battle deck
Nivix Cyclops	Battle Blitz	4	battle deck
Nomad Outpost	Blaze Brigade	2	battle deck
Nyx Weaver	Delirium Weaver	4	battle deck
Nyxborn Rollicker	Celestial Brood	4	battle deck
Oath of the Ancient Wood	Enchantress Blossom	1	battle deck
Oblivion Ring	Pristine Control	3	battle deck
Oketra's Monument	Monumental Force	4	battle deck
Olivia's Bloodsworn	Blood Brothers	4	battle deck
Oona's Grace	Sweet Vengeance	1	battle deck
Open Fire	Day of Doom	4	battle deck
Open Into Wonder	Uproar	2	battle deck
Open the Armory	Hatchet Men	1	battle deck
Oppressive Rays	Robo Weenie	4	battle deck
Opulent Palace	Converging Domains	1	battle deck
Ordeal of Purphoros	Heroes of Old	4	battle deck
Orzhov Guildgate	Aura Blight	4	battle deck
Overcome	Nature of the Beast	1	battle deck
Overrun	Emerging Evil	2	battle deck
Overrun	Untamed Energy	2	battle deck
Pacifism	Ally Rally	4	battle deck
Pacifism	Aura Blight	2	battle deck
Pacifism	Day of Doom	3	battle deck
Pacifism	Enchantress Blossom	4	battle deck
Pacifism	Flight Club	4	battle deck
Pacifism	Monumental Force	4	battle deck
Pack Guardian	Delirium Weaver	4	battle deck
Palace Familiar	Flight Club	2	battle deck
Peel from Reality	Aether Flux	2	battle deck
Peel from Reality	Zombie Apocolypse	4	battle deck
Pelakka Wurm	Golgari Graverobbers	4	battle deck
Pelakka Wurm	Reanimaniacs	1	battle deck
Phalanx Leader	Heroes of Old	4	battle deck
Pharika's Cure	Black Death	4	battle deck
Pharika's Mender	Grim Constellation	4	battle deck
Phyrexian Gargantua	Body Snatchers	2	battle deck
Phyrexian Gargantua	Savage Ramp	2	battle deck
Phyrexian Ingester	Necromancer's pact	3	battle deck
Phyrexian Rager	Body Snatchers	3	battle deck
Phyrexia's Core	Black Metal	1	battle deck
Pieces of the Puzzle	Grave Tide	2	battle deck
Pilfered Plans	Dark Delve	4	battle deck
Pilgrim's Eye	Big Red Relics	3	battle deck
Pilgrim's Eye	Body Snatchers	2	battle deck
Pillar of Origins	Dino Might	2	battle deck
Pillory of the Sleepless	Aura Blight	4	battle deck
Pith Driller	Grow-Bots!	4	battle deck
Plagued Rusalka	Kami Army	3	battle deck
Plains	Aether Flux	8	battle deck
Plains	Ally Rally	14	battle deck
Plains	Aura Blight	8	battle deck
Plains	Blaze Brigade	4	battle deck
Plains	Body Snatchers	7	battle deck
Plains	Converging Domains	2	battle deck
Plains	Day of Doom	8	battle deck
Plains	Enchantress Blossom	8	battle deck
Plains	Flight Club	11	battle deck
Plains	Grease Monkeys	7	battle deck
Plains	Hatchet Men	8	battle deck
Plains	Heroes of Old	7	battle deck
Plains	Impact Slide	7	battle deck
Plains	Intangible Tokens	7	battle deck
Plains	Jungle Rumble	3	battle deck
Plains	Kami Army	8	battle deck
Plains	Monumental Force	20	battle deck
Plains	Pristine Control	9	battle deck
Plains	rebel riot	10	battle deck
Plains	Robo Weenie	17	battle deck
Plains	Servo Revolt	3	battle deck
Plains	Smile At Death	5	battle deck
Plains	Sweet Vengeance	1	battle deck
Plains	Warriors!	5	battle deck
Plea for Guidance	Day of Doom	1	battle deck
Polis Crusher	Claws and Effect	3	battle deck
Ponyback Brigade	Blaze Brigade	2	battle deck
Porcelain Legionnaire	Robo Weenie	4	battle deck
Pore Over the Pages	Manic Fog	2	battle deck
Possessed Skaab	Zombie Apocolypse	4	battle deck
Prey Upon	Invasive Bond	4	battle deck
Prey Upon	Nature of the Beast	4	battle deck
Priest of the Blood Rite	Brood Rites	3	battle deck
Primal Druid	Emerging Evil	3	battle deck
Prism Array	Converging Domains	2	battle deck
Pristine Talisman	Pristine Control	4	battle deck
Prodigal Pyromancer	Firing Squad	4	battle deck
Profaner of the Dead	Blue Skies	1	battle deck
Profaner of the Dead	Emerging Evil	3	battle deck
Promise of Power	Marsh Madness	1	battle deck
Prophet of Distortion	Brutal Nursery	4	battle deck
Prophetic Bolt	Claws and Effect	1	battle deck
Putrefy	Consume the Weak	4	battle deck
Quag Sickness	Marsh Madness	4	battle deck
Quicksand	Black Metal	2	battle deck
Quicksmith Genius	Hatchet Men	1	battle deck
Quicksmith Rebel	Grease Monkeys	4	battle deck
Quicksmith Rebel	Hatchet Men	1	battle deck
Quicksmith Spy	Cold Front	4	battle deck
Quicksmith Spy	Hatchet Men	1	battle deck
Rage Thrower	Consume the Weak	2	battle deck
Rageform	Celestial Brood	2	battle deck
Raging Swordtooth	Dino Might	1	battle deck
Raiders' Spoils	Warriors!	2	battle deck
Raise the Alarm	Ally Rally	4	battle deck
Raise the Alarm	Impact Slide	4	battle deck
Raise the Alarm	Intangible Tokens	4	battle deck
Rampant Growth	Savage Ramp	2	battle deck
Ramroller	Black Metal	2	battle deck
Ramunap Ruins	Dino Might	2	battle deck
Ranger's Path	Nature of the Beast	4	battle deck
Ranging Raptors	Dino Might	3	battle deck
Raptor Hatchling	Dino Might	4	battle deck
Ravaging Blaze	Thermal Detonator	2	battle deck
Ravenous Bloodseeker	Blood Brothers	3	battle deck
Ravenous Intruder	Grease Monkeys	4	battle deck
Raven's Crime	Sweet Vengeance	1	battle deck
Read the Bones	Black Death	4	battle deck
Reality Hemorrhage	Brutal Nursery	4	battle deck
Reality Hemorrhage	Drone Strike	4	battle deck
Reave Soul	Black Death	2	battle deck
Reaver Drone	Drone Strike	4	battle deck
Reckless Charge	Heroes of Old	3	battle deck
Reckless Charge	Storm lords	2	battle deck
Reckless Fireweaver	Brutal Truth	3	battle deck
Reckless Scholar	Mad House	4	battle deck
Reckless Scholar	Reanimaniacs	4	battle deck
Regal Caracal	Monumental Force	2	battle deck
Relief Captain	Ally Rally	4	battle deck
Remote Isle	Blue Skies	1	battle deck
Remove Soul	Sphinx Control	2	battle deck
Renegade Map	rebel riot	4	battle deck
Renowned Weaponsmith	Hatchet Men	4	battle deck
Repeal	Chimera Flash	1	battle deck
Repeal	Pristine Control	1	battle deck
Repeal	Sphinx Control	2	battle deck
Repeating Barrage	Blaze Brigade	2	battle deck
Rescue from the Underworld	Necromancer's pact	2	battle deck
Restless Apparition	Kami Army	4	battle deck
Restoration Gearsmith	rebel riot	4	battle deck
Retreat to Valakut	Land Brawl	4	battle deck
Revolutionary Rebuff	Servo Revolt	4	battle deck
Ridgescale Tusker	Counter Revolution	4	battle deck
Rise from the Grave	Black Death	1	battle deck
Rise from the Grave	Body Snatchers	2	battle deck
Rise from the Grave	Necromancer's pact	3	battle deck
Rise from the Grave	Reanimaniacs	4	battle deck
Rise from the Tides	Grave Tide	4	battle deck
Roaring Primadox	Uproar	4	battle deck
Rogue's Passage	Invasive Bond	1	battle deck
Rolling Temblor	Sweet Vengeance	4	battle deck
Rolling Thunder	Big Red Relics	4	battle deck
Rolling Thunder	Chimera Flash	2	battle deck
Rugged Highlands	Consume the Weak	4	battle deck
Rugged Highlands	Jungle Rumble	3	battle deck
Rugged Highlands	Savage Ramp	4	battle deck
Runed Servitor	Emerging Evil	2	battle deck
Runed Servitor	Robo Weenie	4	battle deck
Rusted Relic	Robo Weenie	2	battle deck
Saddleback Lagac	Counter Revolution	4	battle deck
Sage of Shaila's Claim	Untamed Energy	4	battle deck
Sailor of Means	Uproar	3	battle deck
Sakura-Tribe Elder	Savage Ramp	2	battle deck
Salivating Gremlins	Grease Monkeys	2	battle deck
Salt Road Ambushers	Secret Plans	4	battle deck
Sand Strangler	Dino Might	3	battle deck
Sandsteppe Outcast	Smile At Death	2	battle deck
Sandwurm Convergence	Plow The Sands	2	battle deck
Sanitarium Skeleton	Delirium Weaver	1	battle deck
Sanitarium Skeleton	Mad House	1	battle deck
Sanitarium Skeleton	Marsh Madness	3	battle deck
Satyr Wayfinder	Golgari Graverobbers	4	battle deck
Satyr Wayfinder	Grim Constellation	4	battle deck
Satyr Wayfinder	Reanimaniacs	4	battle deck
Satyr Wayfinder	Spider Spawning	4	battle deck
Savage Alliance	Brutal Truth	1	battle deck
Savage Lands	Consume the Weak	1	battle deck
Savage Stomp	Dino Might	4	battle deck
Savage Twister	Savage Ramp	3	battle deck
Scion of the Wild	Intangible Tokens	4	battle deck
Scion of Vitu-Ghazi	Intangible Tokens	4	battle deck
Scorched Rusalka	Firing Squad	2	battle deck
Scoured Barrens	Aura Blight	4	battle deck
Scoured Barrens	Body Snatchers	4	battle deck
Scoured Barrens	Intangible Tokens	4	battle deck
Scoured Barrens	Kami Army	4	battle deck
Scoured Barrens	Servo Revolt	4	battle deck
Scoured Barrens	Smile At Death	4	battle deck
Scoured Barrens	Sweet Vengeance	2	battle deck
Scoured Barrens	Warriors!	4	battle deck
Screeching Skaab	Spider Spawning	4	battle deck
Screeching Skaab	Zombie Apocolypse	4	battle deck
Sea Gate Oracle	Cold Front	4	battle deck
Secluded Steppe	Monumental Force	4	battle deck
Secret Plans	Secret Plans	4	battle deck
Secrets of the Dead	Sweet Vengeance	3	battle deck
Seed Guardian	Brood Rites	4	battle deck
Seismic Rupture	Big Red Relics	2	battle deck
"Sek'Kuar, Deathkeeper"	Consume the Weak	2	battle deck
Select for Inspection	Brutal Truth	4	battle deck
Selesnya Guildgate	Enchantress Blossom	4	battle deck
Selesnya Guildgate	Intangible Tokens	4	battle deck
Seraph of the Masses	Intangible Tokens	2	battle deck
Servant of the Conduit	Untamed Energy	4	battle deck
Servant of the Scale	Counter Revolution	4	battle deck
Servo Exhibition	Grease Monkeys	4	battle deck
Servo Schematic	Grease Monkeys	4	battle deck
Servo Schematic	rebel riot	4	battle deck
Shamanic Revelation	Intangible Tokens	1	battle deck
Sharpened Pitchfork	Hatchet Men	4	battle deck
Shefet Monitor	Plow The Sands	4	battle deck
Shock	Chimera Flash	4	battle deck
Shock	Red Menace	4	battle deck
Shock	Thopter Squad	4	battle deck
"Shu Yun, the Silent Tempest"	Battle Blitz	3	battle deck
Sibsig Icebreakers	Smile At Death	4	battle deck
Sign in Blood	Black Death	4	battle deck
Sign in Blood	Marsh Madness	4	battle deck
Silent Departure	Storm lords	3	battle deck
Silent Departure	Sweet Vengeance	4	battle deck
Silumgar Sorcerer	Blue Skies	4	battle deck
Silver-Inlaid Dagger	Hatchet Men	3	battle deck
Simic Guildgate	Secret Plans	4	battle deck
Simic Guildgate	Spider Spawning	4	battle deck
Simic Guildgate	Uproar	4	battle deck
Sin Collector	Smile At Death	2	battle deck
Sinister Concoction	Delirium Weaver	4	battle deck
Sinister Concoction	Golgari Graverobbers	3	battle deck
Sky Scourer	Drone Strike	4	battle deck
Skymark Roc	Flight Club	3	battle deck
Skyrider Elf	Converging Domains	4	battle deck
Skywhaler's Shot	Servo Revolt	4	battle deck
Sleep	Manic Fog	3	battle deck
Slip Through Space	Battle Blitz	4	battle deck
Slip Through Space	Storm lords	4	battle deck
Smothering Abomination	Brood Rites	2	battle deck
Snake Umbra	Enchantress Blossom	4	battle deck
Snapping Gnarlid	Land Brawl	4	battle deck
Somberwald Stag	Uproar	1	battle deck
Soul Swallower	Delirium Weaver	4	battle deck
Spearpoint Oread	Celestial Brood	3	battle deck
Species Gorger	Uproar	3	battle deck
Spectral Procession	Intangible Tokens	4	battle deck
Spell Shrivel	Brutal Nursery	4	battle deck
Spellheart Chimera	Chimera Flash	4	battle deck
Sphere of the Suns	Black Metal	2	battle deck
Sphinx of Uthuun	Sphinx Control	4	battle deck
Spider Spawning	Spider Spawning	4	battle deck
Spire Patrol	Flight Club	4	battle deck
Spitting Earth	Celestial Brood	2	battle deck
Spontaneous Artist	Untamed Energy	4	battle deck
Spread the Sickness	Grow-Bots!	4	battle deck
Spring // Mind	Plow The Sands	4	battle deck
Sprouting Thrinax	Consume the Weak	4	battle deck
Squadron Hawk	Body Snatchers	4	battle deck
Squadron Hawk	Flight Club	4	battle deck
Squelching Leeches	Marsh Madness	4	battle deck
Steady Progress	Grow-Bots!	4	battle deck
Steam Augury	Chimera Flash	1	battle deck
Stensia Masquerade	Blood Brothers	1	battle deck
Stitched Mangler	Cold Front	4	battle deck
Stoic Builder	Delirium Weaver	3	battle deck
Stormchaser Mage	Storm lords	4	battle deck
Strength from the Fallen	Grim Constellation	4	battle deck
Stromkirk Occultist	Blood Brothers	4	battle deck
Submerged Boneyard	Mad House	4	battle deck
Succumb to Temptation	Servo Revolt	4	battle deck
Sultai Charm	Dark Delve	4	battle deck
Sultai Scavenger	Grim Constellation	3	battle deck
Sunhome Guildmage	Blaze Brigade	4	battle deck
Sunlance	Robo Weenie	4	battle deck
Swamp	Aura Blight	8	battle deck
Swamp	Black Death	24	battle deck
Swamp	Black Metal	17	battle deck
Swamp	Blaze Brigade	3	battle deck
Swamp	Blood Brothers	12	battle deck
Swamp	Body Snatchers	10	battle deck
Swamp	Brood Rites	12	battle deck
Swamp	Consume the Weak	6	battle deck
Swamp	Converging Domains	2	battle deck
Swamp	Dark Delve	6	battle deck
Swamp	Delirium Weaver	7	battle deck
Swamp	Drone Strike	15	battle deck
Swamp	Golgari Graverobbers	8	battle deck
Swamp	Grim Constellation	6	battle deck
Swamp	Grow-Bots!	9	battle deck
Swamp	Intangible Tokens	1	battle deck
Swamp	Kami Army	8	battle deck
Swamp	Mad House	6	battle deck
Swamp	Marsh Madness	24	battle deck
Swamp	Necromancer's pact	7	battle deck
Swamp	Reanimaniacs	6	battle deck
Swamp	rebel riot	10	battle deck
Swamp	Savage Ramp	4	battle deck
Swamp	Servo Revolt	7	battle deck
Swamp	Smile At Death	6	battle deck
Swamp	Sphinx Control	9	battle deck
Swamp	Spider Spawning	1	battle deck
Swamp	Swarm of Scars	10	battle deck
Swamp	Sweet Vengeance	1	battle deck
Swamp	Warriors!	12	battle deck
Swamp	Zombie Apocolypse	12	battle deck
Swell of Growth	Land Brawl	3	battle deck
Swift Reckoning	Pristine Control	4	battle deck
Swiftwater Cliffs	Battle Blitz	4	battle deck
Swiftwater Cliffs	Brutal Truth	4	battle deck
Swiftwater Cliffs	Chimera Flash	4	battle deck
Swiftwater Cliffs	Hatchet Men	1	battle deck
Swiftwater Cliffs	Sweet Vengeance	4	battle deck
Swiftwater Cliffs	Thopter Squad	4	battle deck
Sylvan Ranger	Jungle Rumble	2	battle deck
Sylvan Ranger	Land Brawl	2	battle deck
Tah-Crop Elite	Monumental Force	4	battle deck
Tajuru Stalwart	Converging Domains	4	battle deck
Tajuru Warcaller	Ally Rally	2	battle deck
Take Inventory	Brutal Truth	4	battle deck
Take Inventory	Necromancer's pact	4	battle deck
Tandem Lookout	Cold Front	4	battle deck
Telling Time	Manic Fog	3	battle deck
Temple Bell	Manic Fog	2	battle deck
Temur Battle Rage	Battle Blitz	4	battle deck
Temur Charger	Invasive Bond	2	battle deck
Temur Charger	Secret Plans	4	battle deck
Temur Charm	Claws and Effect	4	battle deck
Temur Sabertooth	Secret Plans	2	battle deck
Temur War Shaman	Secret Plans	4	battle deck
Terastodon	Necromancer's pact	2	battle deck
Terramorphic Expanse	Converging Domains	2	battle deck
Terramorphic Expanse	Dark Delve	4	battle deck
Terramorphic Expanse	Delirium Weaver	4	battle deck
Terramorphic Expanse	Grim Constellation	4	battle deck
Terramorphic Expanse	Land Brawl	4	battle deck
Terramorphic Expanse	rebel riot	4	battle deck
Terramorphic Expanse	Storm lords	2	battle deck
Thermo-Alchemist	Thermal Detonator	4	battle deck
Thief of Hope	Kami Army	4	battle deck
Thopter Engineer	Thopter Squad	4	battle deck
Thornwood Falls	Chimera Flash	4	battle deck
Thornwood Falls	Claws and Effect	2	battle deck
Thornwood Falls	Plow The Sands	4	battle deck
Thornwood Falls	Secret Plans	4	battle deck
Thornwood Falls	Spider Spawning	4	battle deck
Thornwood Falls	Uproar	2	battle deck
Thousand Winds	Secret Plans	4	battle deck
Thraben Inspector	Aether Flux	4	battle deck
Thrash of Raptors	Dino Might	4	battle deck
Thriving Grubs	Untamed Energy	4	battle deck
Thriving Rhino	Untamed Energy	4	battle deck
Thrummingbird	Grow-Bots!	4	battle deck
Thunderclap Wyvern	Flight Club	4	battle deck
Thundering Spineback	Dino Might	1	battle deck
Timber Gorge	Dino Might	2	battle deck
Timber Gorge	Untamed Energy	4	battle deck
Titan's Strength	Red Menace	3	battle deck
Toil // Trouble	Blaze Brigade	2	battle deck
Tomb Hex	Dark Delve	3	battle deck
Tormenting Voice	Big Red Relics	3	battle deck
Tormenting Voice	Day of Doom	4	battle deck
Tormenting Voice	Firing Squad	2	battle deck
Tormenting Voice	Mad House	3	battle deck
Tormenting Voice	Thermal Detonator	4	battle deck
Touch of the Void	Brutal Nursery	4	battle deck
Tragic Slip	Black Metal	4	battle deck
Tragic Slip	Kami Army	4	battle deck
Trail of Evidence	Brutal Truth	4	battle deck
Trail of Mystery	Secret Plans	4	battle deck
Tranquil Cove	Aether Flux	4	battle deck
Tranquil Cove	Flight Club	4	battle deck
Tranquil Cove	Pristine Control	4	battle deck
Tranquil Cove	Servo Revolt	3	battle deck
Tranquil Expanse	Ally Rally	4	battle deck
Tranquil Thicket	Delirium Weaver	1	battle deck
Travel Preparations	Ally Rally	2	battle deck
Treasure Cruise	Storm lords	3	battle deck
Treasure Cruise	Thermal Detonator	2	battle deck
Trial of Solidarity	Monumental Force	4	battle deck
Tribal Flames	Converging Domains	4	battle deck
Triplicate Spirits	Impact Slide	4	battle deck
Triplicate Spirits	Intangible Tokens	4	battle deck
Trophy Mage	Cold Front	4	battle deck
Trostani's Summoner	Reanimaniacs	2	battle deck
Trumpet Blast	Impact Slide	2	battle deck
Trumpet Blast	Thopter Squad	2	battle deck
Turn // Burn	Chimera Flash	4	battle deck
Turn // Burn	Claws and Effect	4	battle deck
Twin Bolt	Impact Slide	4	battle deck
Twisted Abomination	Necromancer's pact	3	battle deck
Ulcerate	Dark Delve	2	battle deck
Ulcerate	Warriors!	4	battle deck
Ultimate Price	Sphinx Control	2	battle deck
Umara Entangler	Storm lords	3	battle deck
Unburial Rites	Reanimaniacs	2	battle deck
Undead Servant	Zombie Apocolypse	4	battle deck
Undying Evil	Grow-Bots!	2	battle deck
Unholy Hunger	Black Death	2	battle deck
Unknown Shores	Sweet Vengeance	3	battle deck
Unsubstantiate	Brutal Truth	4	battle deck
Unsummon	Blue Skies	4	battle deck
Urban Evolution	Plow The Sands	3	battle deck
Urza's Factory	Big Red Relics	2	battle deck
Valakut Predator	Land Brawl	4	battle deck
Vampire Lacerator	Blood Brothers	4	battle deck
Vampiric Rites	Brood Rites	4	battle deck
Vaporkin	Blue Skies	3	battle deck
Veilborn Ghoul	Marsh Madness	4	battle deck
Vengeful Rebel	rebel riot	4	battle deck
Verdant Force	Reanimaniacs	1	battle deck
Verdant Sun's Avatar	Dino Might	1	battle deck
Vessel of Nascency	Grim Constellation	4	battle deck
Vessel of Paramnesia	Manic Fog	4	battle deck
Veteran Warleader	Ally Rally	4	battle deck
Villainous Wealth	Dark Delve	2	battle deck
Viridian Emissary	Emerging Evil	4	battle deck
Viridian Emissary	Jungle Rumble	4	battle deck
Visionary Augmenter	Monumental Force	2	battle deck
Visionary Augmenter	Servo Revolt	4	battle deck
Visions of Brutality	Drone Strike	4	battle deck
Vithian Stinger	Firing Squad	4	battle deck
Vivid Crag	Consume the Weak	1	battle deck
Vivid Creek	Reanimaniacs	3	battle deck
Vivid Grove	Reanimaniacs	3	battle deck
Vivid Marsh	Reanimaniacs	3	battle deck
Vulturous Aven	Smile At Death	2	battle deck
Wailing Ghoul	Necromancer's pact	3	battle deck
Wander in Death	Consume the Weak	2	battle deck
Warden of Evos Isle	Flight Club	4	battle deck
Warleader's Helix	Blaze Brigade	3	battle deck
Warleader's Helix	Day of Doom	2	battle deck
Warped Physique	Servo Revolt	3	battle deck
Wastes	Brutal Nursery	5	battle deck
Waxmane Baku	Kami Army	4	battle deck
Wayfarer's Bauble	Big Red Relics	3	battle deck
Wayfarer's Bauble	Savage Ramp	2	battle deck
Weapons Trainer	Hatchet Men	4	battle deck
Wee Dragonauts	Storm lords	1	battle deck
Welding Sparks	Brutal Truth	1	battle deck
Welding Sparks	Grease Monkeys	3	battle deck
Welding Sparks	Thermal Detonator	2	battle deck
Welkin Tern	Blue Skies	4	battle deck
Welkin Tern	Thopter Squad	3	battle deck
Whirler Rogue	Thopter Squad	4	battle deck
Whitemane Lion	Aether Flux	3	battle deck
Wild Wanderer	Savage Ramp	4	battle deck
Wild Wanderer	Uproar	1	battle deck
Wildcall	Nature of the Beast	4	battle deck
Wildest Dreams	Nature of the Beast	2	battle deck
Wind-Scarred Crag	Blaze Brigade	2	battle deck
Wind-Scarred Crag	Day of Doom	4	battle deck
Wind-Scarred Crag	Grease Monkeys	4	battle deck
Wind-Scarred Crag	Hatchet Men	4	battle deck
Wind-Scarred Crag	Heroes of Old	4	battle deck
Wind-Scarred Crag	Impact Slide	4	battle deck
Wind-Scarred Crag	Smile At Death	4	battle deck
Wispweaver Angel	Servo Revolt	1	battle deck
Wood Sage	Spider Spawning	3	battle deck
Woolly Thoctar	Jungle Rumble	4	battle deck
Worm Harvest	Reanimaniacs	1	battle deck
Wretched Gryff	Emerging Evil	4	battle deck
Yasova Dragonclaw	Claws and Effect	3	battle deck
Zendikar Incarnate	Land Brawl	4	battle deck
